case,T,J,value
baseline,T0058,CHP_coal,0.5880362264150943
baseline,T0058,CHP_muniwaste,0.19480901077375123
baseline,T0058,CHP_natgas,0.5510247349823321
baseline,T0058,HOB_elec,0.021523232323232326
baseline,T0058,HOB_gasoil,0.2589902912621359
baseline,T0058,HOB_muniwaste,0.14488636363636362
baseline,T0058,HOB_natgas,0.1974757281553398
baseline,T0058,HP_ambient,0.00898692534795445
baseline,T0058,HP_industry,0.00747124824684432
baseline,T0058,HR_S-near,0.007086132357831726
baseline,T0058,HR_S-far,0.007086132357831726
baseline,T0058,HR_M-near,0.0063209730050430134
baseline,T0058,HR_M-far,0.0063209730050430134
baseline,T0058,HR_L-near,0.005711069418386491
baseline,T0058,HR_L-far,0.005711069418386491
baseline,T0178,CHP_coal,0.5880362264150943
baseline,T0178,CHP_muniwaste,0.19480901077375123
baseline,T0178,CHP_natgas,0.5510247349823321
baseline,T0178,HOB_elec,0.022096969696969698
baseline,T0178,HOB_gasoil,0.2589902912621359
baseline,T0178,HOB_muniwaste,0.14488636363636362
baseline,T0178,HOB_natgas,0.1974757281553398
baseline,T0178,HP_ambient,0.009156969443281709
baseline,T0178,HP_industry,0.007735502121640736
baseline,T0178,HR_S-near,0.007340939597315436
baseline,T0178,HR_S-far,0.007340939597315436
baseline,T0178,HR_M-near,0.006549700598802396
baseline,T0178,HR_M-far,0.006549700598802396
baseline,T0178,HR_L-near,0.005917230186637814
baseline,T0178,HR_L-far,0.005917230186637814
baseline,T0298,CHP_coal,0.5880362264150943
baseline,T0298,CHP_muniwaste,0.19480901077375123
baseline,T0298,CHP_natgas,0.5510247349823321
baseline,T0298,HOB_elec,0.017395959595959597
baseline,T0298,HOB_gasoil,0.2589902912621359
baseline,T0298,HOB_muniwaste,0.14488636363636362
baseline,T0298,HOB_natgas,0.1974757281553398
baseline,T0298,HP_ambient,0.007208874005860194
baseline,T0298,HP_industry,0.0060898161244695905
baseline,T0298,HR_S-near,0.005779194630872484
baseline,T0298,HR_S-far,0.005779194630872484
baseline,T0298,HR_M-near,0.005156287425149702
baseline,T0298,HR_M-far,0.005156287425149702
baseline,T0298,HR_L-near,0.004658371652691371
baseline,T0298,HR_L-far,0.004658371652691371
baseline,T0418,CHP_coal,0.5880362264150943
baseline,T0418,CHP_muniwaste,0.19480901077375123
baseline,T0418,CHP_natgas,0.5510247349823321
baseline,T0418,HOB_elec,0.040674747474747475
baseline,T0418,HOB_gasoil,0.2589902912621359
baseline,T0418,HOB_muniwaste,0.14488636363636362
baseline,T0418,HOB_natgas,0.1974757281553398
baseline,T0418,HP_ambient,0.018081724292770544
baseline,T0418,HP_industry,0.014239038189533239
baseline,T0418,HR_S-near,0.013512751677852349
baseline,T0418,HR_S-far,0.013512751677852349
baseline,T0418,HR_M-near,0.0120562874251497
baseline,T0418,HR_M-far,0.0120562874251497
baseline,T0418,HR_L-near,0.010892074655125776
baseline,T0418,HR_L-far,0.010892074655125776
baseline,T0538,CHP_coal,0.5880362264150943
baseline,T0538,CHP_muniwaste,0.19480901077375123
baseline,T0538,CHP_natgas,0.5510247349823321
baseline,T0538,HOB_elec,0.06672121212121213
baseline,T0538,HOB_gasoil,0.2589902912621359
baseline,T0538,HOB_muniwaste,0.14488636363636362
baseline,T0538,HOB_natgas,0.1974757281553398
baseline,T0538,HP_ambient,0.029409617097061445
baseline,T0538,HP_industry,0.023357142857142858
baseline,T0538,HR_S-near,0.02216577181208054
baseline,T0538,HR_S-far,0.02216577181208054
baseline,T0538,HR_M-near,0.01977664670658683
baseline,T0538,HR_M-far,0.01977664670658683
baseline,T0538,HR_L-near,0.01786691912361374
baseline,T0538,HR_L-far,0.01786691912361374
baseline,T0658,CHP_coal,0.5880362264150943
baseline,T0658,CHP_muniwaste,0.19480901077375123
baseline,T0658,CHP_natgas,0.5510247349823321
baseline,T0658,HOB_elec,0.03060606060606061
baseline,T0658,HOB_gasoil,0.2589902912621359
baseline,T0658,HOB_muniwaste,0.14488636363636362
baseline,T0658,HOB_natgas,0.1974757281553398
baseline,T0658,HP_ambient,0.01388634280476627
baseline,T0658,HP_industry,0.010714285714285714
baseline,T0658,HR_S-near,0.01016778523489933
baseline,T0658,HR_S-far,0.01016778523489933
baseline,T0658,HR_M-near,0.009071856287425151
baseline,T0658,HR_M-far,0.009071856287425151
baseline,T0658,HR_L-near,0.008195834460373275
baseline,T0658,HR_L-far,0.008195834460373275
baseline,T0778,CHP_coal,0.5880362264150943
baseline,T0778,CHP_muniwaste,0.19480901077375123
baseline,T0778,CHP_natgas,0.5510247349823321
baseline,T0778,HOB_elec,0.030921212121212124
baseline,T0778,HOB_gasoil,0.2589902912621359
baseline,T0778,HOB_muniwaste,0.14488636363636362
baseline,T0778,HOB_natgas,0.1974757281553398
baseline,T0778,HP_ambient,0.013745846430175124
baseline,T0778,HP_industry,0.010824611032531824
baseline,T0778,HR_S-near,0.010272483221476511
baseline,T0778,HR_S-far,0.010272483221476511
baseline,T0778,HR_M-near,0.009165269461077845
baseline,T0778,HR_M-far,0.009165269461077845
baseline,T0778,HR_L-near,0.008280227211252366
baseline,T0778,HR_L-far,0.008280227211252366
baseline,T0898,CHP_coal,0.5880362264150943
baseline,T0898,CHP_muniwaste,0.19480901077375123
baseline,T0898,CHP_natgas,0.5510247349823321
baseline,T0898,HOB_elec,0.06115454545454546
baseline,T0898,HOB_gasoil,0.2589902912621359
baseline,T0898,HOB_muniwaste,0.14488636363636362
baseline,T0898,HOB_natgas,0.1974757281553398
baseline,T0898,HP_ambient,0.027519545454545453
baseline,T0898,HP_industry,0.021408415841584157
baseline,T0898,HR_S-near,0.020316442953020136
baseline,T0898,HR_S-far,0.020316442953020136
baseline,T0898,HR_M-near,0.018126646706586827
baseline,T0898,HR_M-far,0.018126646706586827
baseline,T0898,HR_L-near,0.016376251014335947
baseline,T0898,HR_L-far,0.016376251014335947
baseline,T1018,CHP_coal,0.5880362264150943
baseline,T1018,CHP_muniwaste,0.19480901077375123
baseline,T1018,CHP_natgas,0.5510247349823321
baseline,T1018,HOB_elec,0.01907878787878788
baseline,T1018,HOB_gasoil,0.2589902912621359
baseline,T1018,HOB_muniwaste,0.14488636363636362
baseline,T1018,HOB_natgas,0.1974757281553398
baseline,T1018,HP_ambient,0.007811414392059552
baseline,T1018,HP_industry,0.006678925035360678
baseline,T1018,HR_S-near,0.006338255033557047
baseline,T1018,HR_S-far,0.006338255033557047
baseline,T1018,HR_M-near,0.005655089820359282
baseline,T1018,HR_M-far,0.005655089820359282
baseline,T1018,HR_L-near,0.0051090073032188255
baseline,T1018,HR_L-far,0.0051090073032188255
baseline,T1138,CHP_coal,0.5880362264150943
baseline,T1138,CHP_muniwaste,0.19480901077375123
baseline,T1138,CHP_natgas,0.5510247349823321
baseline,T1138,HOB_elec,0.014690909090909091
baseline,T1138,HOB_gasoil,0.2589902912621359
baseline,T1138,HOB_muniwaste,0.14488636363636362
baseline,T1138,HOB_natgas,0.1974757281553398
baseline,T1138,HP_ambient,0.006113493064312736
baseline,T1138,HP_industry,0.005142857142857143
baseline,T1138,HR_S-near,0.004880536912751678
baseline,T1138,HR_S-far,0.004880536912751678
baseline,T1138,HR_M-near,0.004354491017964072
baseline,T1138,HR_M-far,0.004354491017964072
baseline,T1138,HR_L-near,0.003934000540979172
baseline,T1138,HR_L-far,0.003934000540979172
baseline,T1258,CHP_coal,0.5880362264150943
baseline,T1258,CHP_muniwaste,0.19480901077375123
baseline,T1258,CHP_natgas,0.5510247349823321
baseline,T1258,HOB_elec,0.05066060606060606
baseline,T1258,HOB_gasoil,0.2589902912621359
baseline,T1258,HOB_muniwaste,0.14488636363636362
baseline,T1258,HOB_natgas,0.1974757281553398
baseline,T1258,HP_ambient,0.021646094087181697
baseline,T1258,HP_industry,0.017734794908062235
baseline,T1258,HR_S-near,0.01683020134228188
baseline,T1258,HR_S-far,0.01683020134228188
baseline,T1258,HR_M-near,0.01501616766467066
baseline,T1258,HR_M-far,0.01501616766467066
baseline,T1258,HR_L-near,0.0135661347038139
baseline,T1258,HR_L-far,0.0135661347038139
baseline,T1378,CHP_coal,0.5880362264150943
baseline,T1378,CHP_muniwaste,0.19480901077375123
baseline,T1378,CHP_natgas,0.5510247349823321
baseline,T1378,HOB_elec,0.07574343434343435
baseline,T1378,HOB_gasoil,0.2589902912621359
baseline,T1378,HOB_muniwaste,0.14488636363636362
baseline,T1378,HOB_natgas,0.1974757281553398
baseline,T1378,HP_ambient,0.03274497816593887
baseline,T1378,HP_industry,0.02629242636746143
baseline,T1378,HR_S-near,0.02493714665779847
baseline,T1378,HR_S-far,0.02493714665779847
baseline,T1378,HR_M-near,0.022244437852269355
baseline,T1378,HR_M-far,0.022244437852269355
baseline,T1378,HR_L-near,0.020098097024926292
baseline,T1378,HR_L-far,0.020098097024926292
baseline,T1498,CHP_coal,0.5880362264150943
baseline,T1498,CHP_muniwaste,0.19480901077375123
baseline,T1498,CHP_natgas,0.5510247349823321
baseline,T1498,HOB_elec,0.01824444444444445
baseline,T1498,HOB_gasoil,0.2589902912621359
baseline,T1498,HOB_muniwaste,0.14488636363636362
baseline,T1498,HOB_natgas,0.1974757281553398
baseline,T1498,HP_ambient,0.007808906182447038
baseline,T1498,HP_industry,0.006333099579242637
baseline,T1498,HR_S-near,0.006006651147322913
baseline,T1498,HR_S-far,0.006006651147322913
baseline,T1498,HR_M-near,0.005358053989913973
baseline,T1498,HR_M-far,0.005358053989913973
baseline,T1498,HR_L-near,0.0048410613776467435
baseline,T1498,HR_L-far,0.0048410613776467435
baseline,T1618,CHP_coal,0.5880362264150943
baseline,T1618,CHP_muniwaste,0.19480901077375123
baseline,T1618,CHP_natgas,0.5510247349823321
baseline,T1618,HOB_elec,0.13304848484848486
baseline,T1618,HOB_gasoil,0.2589902912621359
baseline,T1618,HOB_muniwaste,0.14488636363636362
baseline,T1618,HOB_natgas,0.1974757281553398
baseline,T1618,HP_ambient,0.05882894149173739
baseline,T1618,HP_industry,0.04618443197755961
baseline,T1618,HR_S-near,0.04380379115397406
baseline,T1618,HR_S-far,0.04380379115397406
baseline,T1618,HR_M-near,0.039073865321862945
baseline,T1618,HR_M-far,0.039073865321862945
baseline,T1618,HR_L-near,0.035303671937818276
baseline,T1618,HR_L-far,0.035303671937818276
baseline,T1738,CHP_coal,0.5880362264150943
baseline,T1738,CHP_muniwaste,0.19480901077375123
baseline,T1738,CHP_natgas,0.5510247349823321
baseline,T1738,HOB_elec,0.024723232323232328
baseline,T1738,HOB_gasoil,0.2589902912621359
baseline,T1738,HOB_muniwaste,0.14488636363636362
baseline,T1738,HOB_natgas,0.1974757281553398
baseline,T1738,HP_ambient,0.009861402095084609
baseline,T1738,HP_industry,0.008501563042723167
baseline,T1738,HR_S-near,0.008056616194865043
baseline,T1738,HR_S-far,0.008056616194865043
baseline,T1738,HR_M-near,0.0071903642773207994
baseline,T1738,HR_M-far,0.0071903642773207994
baseline,T1738,HR_L-near,0.006495753715498939
baseline,T1738,HR_L-far,0.006495753715498939
baseline,T1858,CHP_coal,0.5880362264150943
baseline,T1858,CHP_muniwaste,0.19480901077375123
baseline,T1858,CHP_natgas,0.5510247349823321
baseline,T1858,HOB_elec,0.033706060606060614
baseline,T1858,HOB_gasoil,0.2589902912621359
baseline,T1858,HOB_muniwaste,0.14488636363636362
baseline,T1858,HOB_natgas,0.1974757281553398
baseline,T1858,HP_ambient,0.014008816120906802
baseline,T1858,HP_industry,0.011490702479338845
baseline,T1858,HR_S-near,0.010883561643835618
baseline,T1858,HR_S-far,0.010883561643835618
baseline,T1858,HR_M-near,0.009711583236321306
baseline,T1858,HR_M-far,0.009711583236321306
baseline,T1858,HR_L-near,0.008772082018927447
baseline,T1858,HR_L-far,0.008772082018927447
baseline,T1978,CHP_coal,0.5880362264150943
baseline,T1978,CHP_muniwaste,0.19480901077375123
baseline,T1978,CHP_natgas,0.5510247349823321
baseline,T1978,HOB_elec,0.02176060606060606
baseline,T1978,HOB_gasoil,0.2589902912621359
baseline,T1978,HOB_muniwaste,0.14488636363636362
baseline,T1978,HOB_natgas,0.1974757281553398
baseline,T1978,HP_ambient,0.008736009732360096
baseline,T1978,HP_industry,0.007418388429752067
baseline,T1978,HR_S-near,0.00702641878669276
baseline,T1978,HR_S-far,0.00702641878669276
baseline,T1978,HR_M-near,0.006269790454016298
baseline,T1978,HR_M-far,0.006269790454016298
baseline,T1978,HR_L-near,0.0056632492113564675
baseline,T1978,HR_L-far,0.0056632492113564675
baseline,T2098,CHP_coal,0.5880362264150943
baseline,T2098,CHP_muniwaste,0.19480901077375123
baseline,T2098,CHP_natgas,0.5510247349823321
baseline,T2098,HOB_elec,0.041174747474747475
baseline,T2098,HOB_gasoil,0.2589902912621359
baseline,T2098,HOB_muniwaste,0.14488636363636362
baseline,T2098,HOB_natgas,0.1974757281553398
baseline,T2098,HP_ambient,0.017294442087399234
baseline,T2098,HP_industry,0.01403684573002755
baseline,T2098,HR_S-near,0.013295172863666016
baseline,T2098,HR_S-far,0.013295172863666016
baseline,T2098,HR_M-near,0.01186350407450524
baseline,T2098,HR_M-far,0.01186350407450524
baseline,T2098,HR_L-near,0.010715825446898003
baseline,T2098,HR_L-far,0.010715825446898003
baseline,T2218,CHP_coal,0.5880362264150943
baseline,T2218,CHP_muniwaste,0.19480901077375123
baseline,T2218,CHP_natgas,0.5510247349823321
baseline,T2218,HOB_elec,0.03170808080808081
baseline,T2218,HOB_gasoil,0.2589902912621359
baseline,T2218,HOB_muniwaste,0.14488636363636362
baseline,T2218,HOB_natgas,0.1974757281553398
baseline,T2218,HP_ambient,0.013654197477163985
baseline,T2218,HP_industry,0.010709996588195157
baseline,T2218,HR_S-near,0.010142487883683361
baseline,T2218,HR_S-far,0.010142487883683361
baseline,T2218,HR_M-near,0.009049005477082733
baseline,T2218,HR_M-far,0.009049005477082733
baseline,T2218,HR_L-near,0.008174739583333335
baseline,T2218,HR_L-far,0.008174739583333335
baseline,T2338,CHP_coal,0.5880362264150943
baseline,T2338,CHP_muniwaste,0.19480901077375123
baseline,T2338,CHP_natgas,0.5510247349823321
baseline,T2338,HOB_elec,0.02467171717171717
baseline,T2338,HOB_gasoil,0.2589902912621359
baseline,T2338,HOB_muniwaste,0.14488636363636362
baseline,T2338,HOB_natgas,0.1974757281553398
baseline,T2338,HP_ambient,0.009888663967611335
baseline,T2338,HP_industry,0.008333333333333333
baseline,T2338,HR_S-near,0.007891760904684976
baseline,T2338,HR_S-far,0.007891760904684976
baseline,T2338,HR_M-near,0.0070409339867396935
baseline,T2338,HR_M-far,0.0070409339867396935
baseline,T2338,HR_L-near,0.006360677083333334
baseline,T2338,HR_L-far,0.006360677083333334
baseline,T2458,CHP_coal,0.5880362264150943
baseline,T2458,CHP_muniwaste,0.19480901077375123
baseline,T2458,CHP_natgas,0.5510247349823321
baseline,T2458,HOB_elec,0.024542424242424244
baseline,T2458,HOB_gasoil,0.2589902912621359
baseline,T2458,HOB_muniwaste,0.14488636363636362
baseline,T2458,HOB_natgas,0.1974757281553398
baseline,T2458,HP_ambient,0.00956198347107438
baseline,T2458,HP_industry,0.00821122000675904
baseline,T2458,HR_S-near,0.007767583120204604
baseline,T2458,HR_S-far,0.007767583120204604
baseline,T2458,HR_M-near,0.006932097004279601
baseline,T2458,HR_M-far,0.006932097004279601
baseline,T2458,HR_L-near,0.006263727764887857
baseline,T2458,HR_L-far,0.006263727764887857
baseline,T2578,CHP_coal,0.5880362264150943
baseline,T2578,CHP_muniwaste,0.19480901077375123
baseline,T2578,CHP_natgas,0.5510247349823321
baseline,T2578,HOB_elec,0.02534747474747475
baseline,T2578,HOB_gasoil,0.2589902912621359
baseline,T2578,HOB_muniwaste,0.14488636363636362
baseline,T2578,HOB_natgas,0.1974757281553398
baseline,T2578,HP_ambient,0.009703789636504255
baseline,T2578,HP_industry,0.008403884795713329
baseline,T2578,HR_S-near,0.0079461684610513
baseline,T2578,HR_S-far,0.0079461684610513
baseline,T2578,HR_M-near,0.007090703588584346
baseline,T2578,HR_M-far,0.007090703588584346
baseline,T2578,HR_L-near,0.006406433495021701
baseline,T2578,HR_L-far,0.006406433495021701
baseline,T2698,CHP_coal,0.5880362264150943
baseline,T2698,CHP_muniwaste,0.19480901077375123
baseline,T2698,CHP_natgas,0.5510247349823321
baseline,T2698,HOB_elec,0.027637373737373738
baseline,T2698,HOB_gasoil,0.2589902912621359
baseline,T2698,HOB_muniwaste,0.14488636363636362
baseline,T2698,HOB_natgas,0.1974757281553398
baseline,T2698,HP_ambient,0.010340513983371127
baseline,T2698,HP_industry,0.009163094440723375
baseline,T2698,HR_S-near,0.008664027865737809
baseline,T2698,HR_S-far,0.008664027865737809
baseline,T2698,HR_M-near,0.0077312800226052554
baseline,T2698,HR_M-far,0.0077312800226052554
baseline,T2698,HR_L-near,0.00698519274955323
baseline,T2698,HR_L-far,0.00698519274955323
baseline,T2818,CHP_coal,0.5880362264150943
baseline,T2818,CHP_muniwaste,0.19480901077375123
baseline,T2818,CHP_natgas,0.5510247349823321
baseline,T2818,HOB_elec,0.03140606060606061
baseline,T2818,HOB_gasoil,0.2589902912621359
baseline,T2818,HOB_muniwaste,0.14488636363636362
baseline,T2818,HOB_natgas,0.1974757281553398
baseline,T2818,HP_ambient,0.012102763721292332
baseline,T2818,HP_industry,0.010315859323158594
baseline,T2818,HR_S-near,0.009746708463949845
baseline,T2818,HR_S-far,0.009746708463949845
baseline,T2818,HR_M-near,0.008699496362618915
baseline,T2818,HR_M-far,0.008699496362618915
baseline,T2818,HR_L-near,0.007859453993933266
baseline,T2818,HR_L-far,0.007859453993933266
baseline,T2938,CHP_coal,0.5880362264150943
baseline,T2938,CHP_muniwaste,0.19480901077375123
baseline,T2938,CHP_natgas,0.5510247349823321
baseline,T2938,HOB_elec,0.03562121212121212
baseline,T2938,HOB_gasoil,0.2589902912621359
baseline,T2938,HOB_muniwaste,0.14488636363636362
baseline,T2938,HOB_natgas,0.1974757281553398
baseline,T2938,HP_ambient,0.013342792281498298
baseline,T2938,HP_industry,0.011581280788177339
baseline,T2938,HR_S-near,0.010938275434243175
baseline,T2938,HR_S-far,0.010938275434243175
baseline,T2938,HR_M-near,0.00976058676999723
baseline,T2938,HR_M-far,0.00976058676999723
baseline,T2938,HR_L-near,0.00882066033016508
baseline,T2938,HR_L-far,0.00882066033016508
baseline,T3058,CHP_coal,0.5880362264150943
baseline,T3058,CHP_muniwaste,0.19480901077375123
baseline,T3058,CHP_natgas,0.5510247349823321
baseline,T3058,HOB_elec,0.020263636363636366
baseline,T3058,HOB_gasoil,0.2589902912621359
baseline,T3058,HOB_muniwaste,0.14488636363636362
baseline,T3058,HOB_natgas,0.1974757281553398
baseline,T3058,HP_ambient,0.007263215061549601
baseline,T3058,HP_industry,0.006588177339901477
baseline,T3058,HR_S-near,0.006222394540942928
baseline,T3058,HR_S-far,0.006222394540942928
baseline,T3058,HR_M-near,0.005552449487960144
baseline,T3058,HR_M-far,0.005552449487960144
baseline,T3058,HR_L-near,0.005017758879439719
baseline,T3058,HR_L-far,0.005017758879439719
baseline,T3178,CHP_coal,0.5880362264150943
baseline,T3178,CHP_muniwaste,0.19480901077375123
baseline,T3178,CHP_natgas,0.5510247349823321
baseline,T3178,HOB_elec,0.02823737373737374
baseline,T3178,HOB_gasoil,0.2589902912621359
baseline,T3178,HOB_muniwaste,0.14488636363636362
baseline,T3178,HOB_natgas,0.1974757281553398
baseline,T3178,HP_ambient,0.009346372450685389
baseline,T3178,HP_industry,0.00909401431359792
baseline,T3178,HR_S-near,0.008583051888240713
baseline,T3178,HR_S-far,0.008583051888240713
baseline,T3178,HR_M-near,0.007658904109589041
baseline,T3178,HR_M-far,0.007658904109589041
baseline,T3178,HR_L-near,0.006921267640505076
baseline,T3178,HR_L-far,0.006921267640505076
baseline,T3298,CHP_coal,0.5880362264150943
baseline,T3298,CHP_muniwaste,0.19480901077375123
baseline,T3298,CHP_natgas,0.5510247349823321
baseline,T3298,HOB_elec,0.027996969696969697
baseline,T3298,HOB_gasoil,0.2589902912621359
baseline,T3298,HOB_muniwaste,0.14488636363636362
baseline,T3298,HOB_natgas,0.1974757281553398
baseline,T3298,HP_ambient,0.01048694665153235
baseline,T3298,HP_industry,0.009016590761223162
baseline,T3298,HR_S-near,0.00850997850782929
baseline,T3298,HR_S-far,0.00850997850782929
baseline,T3298,HR_M-near,0.007593698630136985
baseline,T3298,HR_M-far,0.007593698630136985
baseline,T3298,HR_L-near,0.006862342163901957
baseline,T3298,HR_L-far,0.006862342163901957
baseline,T3418,CHP_coal,0.5880362264150943
baseline,T3418,CHP_muniwaste,0.19480901077375123
baseline,T3418,CHP_natgas,0.5510247349823321
baseline,T3418,HOB_elec,0.07631616161616162
baseline,T3418,HOB_gasoil,0.2589902912621359
baseline,T3418,HOB_muniwaste,0.14488636363636362
baseline,T3418,HOB_natgas,0.1974757281553398
baseline,T3418,HP_ambient,0.026352633414719218
baseline,T3418,HP_industry,0.02434052835051546
baseline,T3418,HR_S-near,0.02295745973868125
baseline,T3418,HR_S-far,0.02295745973868125
baseline,T3418,HR_M-near,0.020491727691890425
baseline,T3418,HR_M-far,0.020491727691890425
baseline,T3418,HR_L-near,0.018517892156862743
baseline,T3418,HR_L-far,0.018517892156862743
baseline,T3538,CHP_coal,0.5880362264150943
baseline,T3538,CHP_muniwaste,0.19480901077375123
baseline,T3538,CHP_natgas,0.5510247349823321
baseline,T3538,HOB_elec,0.07721616161616161
baseline,T3538,HOB_gasoil,0.2589902912621359
baseline,T3538,HOB_muniwaste,0.14488636363636362
baseline,T3538,HOB_natgas,0.1974757281553398
baseline,T3538,HP_ambient,0.025678199529727913
baseline,T3538,HP_industry,0.02437627551020408
baseline,T3538,HR_S-near,0.022969951923076923
baseline,T3538,HR_S-far,0.022969951923076923
baseline,T3538,HR_M-near,0.02049986591579512
baseline,T3538,HR_M-far,0.02049986591579512
baseline,T3538,HR_L-near,0.01852738730004847
baseline,T3538,HR_L-far,0.01852738730004847
baseline,T3658,CHP_coal,0.5880362264150943
baseline,T3658,CHP_muniwaste,0.19480901077375123
baseline,T3658,CHP_natgas,0.5510247349823321
baseline,T3658,HOB_elec,0.027527272727272727
baseline,T3658,HOB_gasoil,0.2589902912621359
baseline,T3658,HOB_muniwaste,0.14488636363636362
baseline,T3658,HOB_natgas,0.1974757281553398
baseline,T3658,HP_ambient,0.00925679347826087
baseline,T3658,HP_industry,0.008690051020408162
baseline,T3658,HR_S-near,0.008188701923076922
baseline,T3658,HR_S-far,0.008188701923076922
baseline,T3658,HR_M-near,0.007308125502815768
baseline,T3658,HR_M-far,0.007308125502815768
baseline,T3658,HR_L-near,0.006604944255937954
baseline,T3658,HR_L-far,0.006604944255937954
baseline,T3778,CHP_coal,0.5880362264150943
baseline,T3778,CHP_muniwaste,0.19480901077375123
baseline,T3778,CHP_natgas,0.5510247349823321
baseline,T3778,HOB_elec,0.032035353535353535
baseline,T3778,HOB_gasoil,0.2589902912621359
baseline,T3778,HOB_muniwaste,0.14488636363636362
baseline,T3778,HOB_natgas,0.1974757281553398
baseline,T3778,HP_ambient,0.009529747596153847
baseline,T3778,HP_industry,0.01001104797979798
baseline,T3778,HR_S-near,0.009427764565992865
baseline,T3778,HR_S-far,0.009427764565992865
baseline,T3778,HR_M-near,0.008416932059447983
baseline,T3778,HR_M-far,0.008416932059447983
baseline,T3778,HR_L-near,0.007605515587529976
baseline,T3778,HR_L-far,0.007605515587529976
baseline,T3898,CHP_coal,0.5880362264150943
baseline,T3898,CHP_muniwaste,0.19480901077375123
baseline,T3898,CHP_natgas,0.5510247349823321
baseline,T3898,HOB_elec,0.021136363636363637
baseline,T3898,HOB_gasoil,0.2589902912621359
baseline,T3898,HOB_muniwaste,0.14488636363636362
baseline,T3898,HOB_natgas,0.1974757281553398
baseline,T3898,HP_ambient,0.006274362818590704
baseline,T3898,HP_industry,0.0066051136363636355
baseline,T3898,HR_S-near,0.0062202734839476815
baseline,T3898,HR_S-far,0.0062202734839476815
baseline,T3898,HR_M-near,0.005553343949044586
baseline,T3898,HR_M-far,0.005553343949044586
baseline,T3898,HR_L-near,0.005017985611510792
baseline,T3898,HR_L-far,0.005017985611510792
baseline,T4018,CHP_coal,0.5880362264150943
baseline,T4018,CHP_muniwaste,0.19480901077375123
baseline,T4018,CHP_natgas,0.5510247349823321
baseline,T4018,HOB_elec,0.029281818181818183
baseline,T4018,HOB_gasoil,0.2589902912621359
baseline,T4018,HOB_muniwaste,0.14488636363636362
baseline,T4018,HOB_natgas,0.1974757281553398
baseline,T4018,HP_ambient,0.008653432835820894
baseline,T4018,HP_industry,0.0090590625
baseline,T4018,HR_S-near,0.008526176470588237
baseline,T4018,HR_S-far,0.008526176470588237
baseline,T4018,HR_M-near,0.00761065896560777
baseline,T4018,HR_M-far,0.00761065896560777
baseline,T4018,HR_L-near,0.006879212149976269
baseline,T4018,HR_L-far,0.006879212149976269
baseline,T4138,CHP_coal,0.5880362264150943
baseline,T4138,CHP_muniwaste,0.19480901077375123
baseline,T4138,CHP_natgas,0.5510247349823321
baseline,T4138,HOB_elec,0.040873737373737375
baseline,T4138,HOB_gasoil,0.2589902912621359
baseline,T4138,HOB_muniwaste,0.14488636363636362
baseline,T4138,HOB_natgas,0.1974757281553398
baseline,T4138,HP_ambient,0.011718795250506805
baseline,T4138,HP_industry,0.0126453125
baseline,T4138,HR_S-near,0.011901470588235295
baseline,T4138,HR_S-far,0.011901470588235295
baseline,T4138,HR_M-near,0.010623523234444735
baseline,T4138,HR_M-far,0.010623523234444735
baseline,T4138,HR_L-near,0.00960251542477456
baseline,T4138,HR_L-far,0.00960251542477456
baseline,T4258,CHP_coal,0.5880362264150943
baseline,T4258,CHP_muniwaste,0.19480901077375123
baseline,T4258,CHP_natgas,0.5510247349823321
baseline,T4258,HOB_elec,0.017323232323232324
baseline,T4258,HOB_gasoil,0.2589902912621359
baseline,T4258,HOB_muniwaste,0.14488636363636362
baseline,T4258,HOB_natgas,0.1974757281553398
baseline,T4258,HP_ambient,0.005331053776810692
baseline,T4258,HP_industry,0.0053013910355486854
baseline,T4258,HR_S-near,0.004985465116279069
baseline,T4258,HR_S-far,0.004985465116279069
baseline,T4258,HR_M-near,0.004451077082792628
baseline,T4258,HR_M-far,0.004451077082792628
baseline,T4258,HR_L-near,0.004022988505747126
baseline,T4258,HR_L-far,0.004022988505747126
baseline,T4378,CHP_coal,0.5880362264150943
baseline,T4378,CHP_muniwaste,0.19480901077375123
baseline,T4378,CHP_natgas,0.5510247349823321
baseline,T4378,HOB_elec,0.05105353535353536
baseline,T4378,HOB_gasoil,0.2589902912621359
baseline,T4378,HOB_muniwaste,0.14488636363636362
baseline,T4378,HOB_natgas,0.1974757281553398
baseline,T4378,HP_ambient,0.015357945913096322
baseline,T4378,HP_industry,0.015623802163833075
baseline,T4378,HR_S-near,0.014692732558139535
baseline,T4378,HR_S-far,0.014692732558139535
baseline,T4378,HR_M-near,0.0131178302621334
baseline,T4378,HR_M-far,0.0131178302621334
baseline,T4378,HR_L-near,0.01185620455078583
baseline,T4378,HR_L-far,0.01185620455078583
baseline,T4498,CHP_coal,0.5880362264150943
baseline,T4498,CHP_muniwaste,0.19480901077375123
baseline,T4498,CHP_natgas,0.5510247349823321
baseline,T4498,HOB_elec,0.023331313131313133
baseline,T4498,HOB_gasoil,0.2589902912621359
baseline,T4498,HOB_muniwaste,0.14488636363636362
baseline,T4498,HOB_natgas,0.1974757281553398
baseline,T4498,HP_ambient,0.006942590922753231
baseline,T4498,HP_industry,0.007067931456548348
baseline,T4498,HR_S-near,0.006641173087981599
baseline,T4498,HR_S-far,0.006641173087981599
baseline,T4498,HR_M-near,0.00592864476386037
baseline,T4498,HR_M-far,0.00592864476386037
baseline,T4498,HR_L-near,0.0053591647331786545
baseline,T4498,HR_L-far,0.0053591647331786545
baseline,T4618,CHP_coal,0.5880362264150943
baseline,T4618,CHP_muniwaste,0.19480901077375123
baseline,T4618,CHP_natgas,0.5510247349823321
baseline,T4618,HOB_elec,0.03111010101010101
baseline,T4618,HOB_gasoil,0.2589902912621359
baseline,T4618,HOB_muniwaste,0.14488636363636362
baseline,T4618,HOB_natgas,0.1974757281553398
baseline,T4618,HP_ambient,0.009550077519379845
baseline,T4618,HP_industry,0.009424418604651163
baseline,T4618,HR_S-near,0.008855376653248993
baseline,T4618,HR_S-far,0.008855376653248993
baseline,T4618,HR_M-near,0.00790528747433265
baseline,T4618,HR_M-far,0.00790528747433265
baseline,T4618,HR_L-near,0.007145939675174014
baseline,T4618,HR_L-far,0.007145939675174014
baseline,T4738,CHP_coal,0.5880362264150943
baseline,T4738,CHP_muniwaste,0.19480901077375123
baseline,T4738,CHP_natgas,0.5510247349823321
baseline,T4738,HOB_elec,0.02005959595959596
baseline,T4738,HOB_gasoil,0.2589902912621359
baseline,T4738,HOB_muniwaste,0.14488636363636362
baseline,T4738,HOB_natgas,0.1974757281553398
baseline,T4738,HP_ambient,0.006209818636647906
baseline,T4738,HP_industry,0.006076805385556916
baseline,T4738,HR_S-near,0.005709890741805636
baseline,T4738,HR_S-far,0.005709890741805636
baseline,T4738,HR_M-near,0.0050972792607802886
baseline,T4738,HR_M-far,0.0050972792607802886
baseline,T4738,HR_L-near,0.004607656612529003
baseline,T4738,HR_L-far,0.004607656612529003
baseline,T4858,CHP_coal,0.5880362264150943
baseline,T4858,CHP_muniwaste,0.19480901077375123
baseline,T4858,CHP_natgas,0.5510247349823321
baseline,T4858,HOB_elec,0.023322222222222223
baseline,T4858,HOB_gasoil,0.2589902912621359
baseline,T4858,HOB_muniwaste,0.14488636363636362
baseline,T4858,HOB_natgas,0.1974757281553398
baseline,T4858,HP_ambient,0.007262975778546712
baseline,T4858,HP_industry,0.007065177478580171
baseline,T4858,HR_S-near,0.006638585393904542
baseline,T4858,HR_S-far,0.006638585393904542
baseline,T4858,HR_M-near,0.005926334702258727
baseline,T4858,HR_M-far,0.005926334702258727
baseline,T4858,HR_L-near,0.00535707656612529
baseline,T4858,HR_L-far,0.00535707656612529
baseline,T4978,CHP_coal,0.5880362264150943
baseline,T4978,CHP_muniwaste,0.19480901077375123
baseline,T4978,CHP_natgas,0.5510247349823321
baseline,T4978,HOB_elec,0.02498888888888889
baseline,T4978,HOB_gasoil,0.2589902912621359
baseline,T4978,HOB_muniwaste,0.14488636363636362
baseline,T4978,HOB_natgas,0.1974757281553398
baseline,T4978,HP_ambient,0.007782006920415225
baseline,T4978,HP_industry,0.007570073439412485
baseline,T4978,HR_S-near,0.007112995974698102
baseline,T4978,HR_S-far,0.007112995974698102
baseline,T4978,HR_M-near,0.0063498459958932245
baseline,T4978,HR_M-far,0.0063498459958932245
baseline,T4978,HR_L-near,0.005739907192575407
baseline,T4978,HR_L-far,0.005739907192575407
baseline,T5098,CHP_coal,0.5880362264150943
baseline,T5098,CHP_muniwaste,0.19480901077375123
baseline,T5098,CHP_natgas,0.5510247349823321
baseline,T5098,HOB_elec,0.04010505050505051
baseline,T5098,HOB_gasoil,0.2589902912621359
baseline,T5098,HOB_muniwaste,0.14488636363636362
baseline,T5098,HOB_natgas,0.1974757281553398
baseline,T5098,HP_ambient,0.012288455586505728
baseline,T5098,HP_industry,0.012149326805385557
baseline,T5098,HR_S-near,0.01141575618171363
baseline,T5098,HR_S-far,0.01141575618171363
baseline,T5098,HR_M-near,0.010190965092402466
baseline,T5098,HR_M-far,0.010190965092402466
baseline,T5098,HR_L-near,0.009212064965197218
baseline,T5098,HR_L-far,0.009212064965197218
baseline,T5218,CHP_coal,0.5880362264150943
baseline,T5218,CHP_muniwaste,0.19480901077375123
baseline,T5218,CHP_natgas,0.5510247349823321
baseline,T5218,HOB_elec,0.025715151515151517
baseline,T5218,HOB_gasoil,0.2589902912621359
baseline,T5218,HOB_muniwaste,0.14488636363636362
baseline,T5218,HOB_natgas,0.1974757281553398
baseline,T5218,HP_ambient,0.008023321777497637
baseline,T5218,HP_industry,0.007790085679314566
baseline,T5218,HR_S-near,0.007319723979298447
baseline,T5218,HR_S-far,0.007319723979298447
baseline,T5218,HR_M-near,0.006534394250513349
baseline,T5218,HR_M-far,0.006534394250513349
baseline,T5218,HR_L-near,0.005906728538283063
baseline,T5218,HR_L-far,0.005906728538283063
baseline,T5338,CHP_coal,0.5880362264150943
baseline,T5338,CHP_muniwaste,0.19480901077375123
baseline,T5338,CHP_natgas,0.5510247349823321
baseline,T5338,HOB_elec,0.02869090909090909
baseline,T5338,HOB_gasoil,0.2589902912621359
baseline,T5338,HOB_muniwaste,0.14488636363636362
baseline,T5338,HOB_natgas,0.1974757281553398
baseline,T5338,HP_ambient,0.008934885184020133
baseline,T5338,HP_industry,0.008691554467564259
baseline,T5338,HR_S-near,0.008166762507188037
baseline,T5338,HR_S-far,0.008166762507188037
baseline,T5338,HR_M-near,0.007290554414784395
baseline,T5338,HR_M-far,0.007290554414784395
baseline,T5338,HR_L-near,0.0065902552204176335
baseline,T5338,HR_L-far,0.0065902552204176335
baseline,T5458,CHP_coal,0.5880362264150943
baseline,T5458,CHP_muniwaste,0.19480901077375123
baseline,T5458,CHP_natgas,0.5510247349823321
baseline,T5458,HOB_elec,0.030501010101010105
baseline,T5458,HOB_gasoil,0.2589902912621359
baseline,T5458,HOB_muniwaste,0.14488636363636362
baseline,T5458,HOB_natgas,0.1974757281553398
baseline,T5458,HP_ambient,0.009095180722891567
baseline,T5458,HP_industry,0.009239902080783353
baseline,T5458,HR_S-near,0.008682001150086256
baseline,T5458,HR_S-far,0.008682001150086256
baseline,T5458,HR_M-near,0.007750513347022588
baseline,T5458,HR_M-far,0.007750513347022588
baseline,T5458,HR_L-near,0.007006032482598608
baseline,T5458,HR_L-far,0.007006032482598608
baseline,T5578,CHP_coal,0.5880362264150943
baseline,T5578,CHP_muniwaste,0.19480901077375123
baseline,T5578,CHP_natgas,0.5510247349823321
baseline,T5578,HOB_elec,0.03901717171717172
baseline,T5578,HOB_gasoil,0.2589902912621359
baseline,T5578,HOB_muniwaste,0.14488636363636362
baseline,T5578,HOB_natgas,0.1974757281553398
baseline,T5578,HP_ambient,0.011245123726346434
baseline,T5578,HP_industry,0.011819767441860465
baseline,T5578,HR_S-near,0.011106095457159286
baseline,T5578,HR_S-far,0.011106095457159286
baseline,T5578,HR_M-near,0.009914527720739221
baseline,T5578,HR_M-far,0.009914527720739221
baseline,T5578,HR_L-near,0.008962180974477959
baseline,T5578,HR_L-far,0.008962180974477959
baseline,T5698,CHP_coal,0.5880362264150943
baseline,T5698,CHP_muniwaste,0.19480901077375123
baseline,T5698,CHP_natgas,0.5510247349823321
baseline,T5698,HOB_elec,0.03737777777777778
baseline,T5698,HOB_gasoil,0.2589902912621359
baseline,T5698,HOB_muniwaste,0.14488636363636362
baseline,T5698,HOB_natgas,0.1974757281553398
baseline,T5698,HP_ambient,0.011006543723973824
baseline,T5698,HP_industry,0.011323133414932681
baseline,T5698,HR_S-near,0.010639447958596894
baseline,T5698,HR_S-far,0.010639447958596894
baseline,T5698,HR_M-near,0.009497946611909653
baseline,T5698,HR_M-far,0.009497946611909653
baseline,T5698,HR_L-near,0.008585614849187935
baseline,T5698,HR_L-far,0.008585614849187935
baseline,T5818,CHP_coal,0.5880362264150943
baseline,T5818,CHP_muniwaste,0.19480901077375123
baseline,T5818,CHP_natgas,0.5510247349823321
baseline,T5818,HOB_elec,0.028391919191919194
baseline,T5818,HOB_gasoil,0.2589902912621359
baseline,T5818,HOB_muniwaste,0.14488636363636362
baseline,T5818,HOB_natgas,0.1974757281553398
baseline,T5818,HP_ambient,0.009288830138797093
baseline,T5818,HP_industry,0.008688717156105101
baseline,T5818,HR_S-near,0.008170930232558141
baseline,T5818,HR_S-far,0.008170930232558141
baseline,T5818,HR_M-near,0.007295094731378147
baseline,T5818,HR_M-far,0.007295094731378147
baseline,T5818,HR_L-near,0.006593478770818673
baseline,T5818,HR_L-far,0.006593478770818673
baseline,T5938,CHP_coal,0.5880362264150943
baseline,T5938,CHP_muniwaste,0.19480901077375123
baseline,T5938,CHP_natgas,0.5510247349823321
baseline,T5938,HOB_elec,0.02404646464646465
baseline,T5938,HOB_gasoil,0.2589902912621359
baseline,T5938,HOB_muniwaste,0.14488636363636362
baseline,T5938,HOB_natgas,0.1974757281553398
baseline,T5938,HP_ambient,0.006977139507620165
baseline,T5938,HP_industry,0.0073588871715610515
baseline,T5938,HR_S-near,0.0069203488372093025
baseline,T5938,HR_S-far,0.0069203488372093025
baseline,T5938,HR_M-near,0.006178562159356345
baseline,T5938,HR_M-far,0.006178562159356345
baseline,T5938,HR_L-near,0.005584330283837673
baseline,T5938,HR_L-far,0.005584330283837673
baseline,T6058,CHP_coal,0.5880362264150943
baseline,T6058,CHP_muniwaste,0.19480901077375123
baseline,T6058,CHP_natgas,0.5510247349823321
baseline,T6058,HOB_elec,0.0274010101010101
baseline,T6058,HOB_gasoil,0.2589902912621359
baseline,T6058,HOB_muniwaste,0.14488636363636362
baseline,T6058,HOB_natgas,0.1974757281553398
baseline,T6058,HP_ambient,0.007719692657939669
baseline,T6058,HP_industry,0.0084771875
baseline,T6058,HR_S-near,0.007978529411764705
baseline,T6058,HR_S-far,0.007978529411764705
baseline,T6058,HR_M-near,0.007121816749803097
baseline,T6058,HR_M-far,0.007121816749803097
baseline,T6058,HR_L-near,0.006437351684859989
baseline,T6058,HR_L-far,0.006437351684859989
baseline,T6178,CHP_coal,0.5880362264150943
baseline,T6178,CHP_muniwaste,0.19480901077375123
baseline,T6178,CHP_natgas,0.5510247349823321
baseline,T6178,HOB_elec,0.02846767676767677
baseline,T6178,HOB_gasoil,0.2589902912621359
baseline,T6178,HOB_muniwaste,0.14488636363636362
baseline,T6178,HOB_natgas,0.1974757281553398
baseline,T6178,HP_ambient,0.008929974651457541
baseline,T6178,HP_industry,0.0088071875
baseline,T6178,HR_S-near,0.008289117647058824
baseline,T6178,HR_S-far,0.008289117647058824
baseline,T6178,HR_M-near,0.0073990548700446305
baseline,T6178,HR_M-far,0.0073990548700446305
baseline,T6178,HR_L-near,0.006687944945420027
baseline,T6178,HR_L-far,0.006687944945420027
baseline,T6298,CHP_coal,0.5880362264150943
baseline,T6298,CHP_muniwaste,0.19480901077375123
baseline,T6298,CHP_natgas,0.5510247349823321
baseline,T6298,HOB_elec,0.017992929292929293
baseline,T6298,HOB_gasoil,0.2589902912621359
baseline,T6298,HOB_muniwaste,0.14488636363636362
baseline,T6298,HOB_natgas,0.1974757281553398
baseline,T6298,HP_ambient,0.005612161310649023
baseline,T6298,HP_industry,0.0056227904040404035
baseline,T6298,HR_S-near,0.005295184304399524
baseline,T6298,HR_S-far,0.005295184304399524
baseline,T6298,HR_M-near,0.00472744161358811
baseline,T6298,HR_M-far,0.00472744161358811
baseline,T6298,HR_L-near,0.004271702637889688
baseline,T6298,HR_L-far,0.004271702637889688
baseline,T6418,CHP_coal,0.5880362264150943
baseline,T6418,CHP_muniwaste,0.19480901077375123
baseline,T6418,CHP_natgas,0.5510247349823321
baseline,T6418,HOB_elec,0.02090808080808081
baseline,T6418,HOB_gasoil,0.2589902912621359
baseline,T6418,HOB_muniwaste,0.14488636363636362
baseline,T6418,HOB_natgas,0.1974757281553398
baseline,T6418,HP_ambient,0.006742345276872964
baseline,T6418,HP_industry,0.006533775252525252
baseline,T6418,HR_S-near,0.006153091557669441
baseline,T6418,HR_S-far,0.006153091557669441
baseline,T6418,HR_M-near,0.005493365180467091
baseline,T6418,HR_M-far,0.005493365180467091
baseline,T6418,HR_L-near,0.00496378896882494
baseline,T6418,HR_L-far,0.00496378896882494
baseline,T6538,CHP_coal,0.5880362264150943
baseline,T6538,CHP_muniwaste,0.19480901077375123
baseline,T6538,CHP_natgas,0.5510247349823321
baseline,T6538,HOB_elec,0.014724242424242424
baseline,T6538,HOB_gasoil,0.2589902912621359
baseline,T6538,HOB_muniwaste,0.14488636363636362
baseline,T6538,HOB_natgas,0.1974757281553398
baseline,T6538,HP_ambient,0.004748208469055375
baseline,T6538,HP_industry,0.004601325757575757
baseline,T6538,HR_S-near,0.004333234244946492
baseline,T6538,HR_S-far,0.004333234244946492
baseline,T6538,HR_M-near,0.0038686305732484076
baseline,T6538,HR_M-far,0.0038686305732484076
baseline,T6538,HR_L-near,0.00349568345323741
baseline,T6538,HR_L-far,0.00349568345323741
baseline,T6658,CHP_coal,0.5880362264150943
baseline,T6658,CHP_muniwaste,0.19480901077375123
baseline,T6658,CHP_natgas,0.5510247349823321
baseline,T6658,HOB_elec,0.011828282828282828
baseline,T6658,HOB_gasoil,0.2589902912621359
baseline,T6658,HOB_muniwaste,0.14488636363636362
baseline,T6658,HOB_natgas,0.1974757281553398
baseline,T6658,HP_ambient,0.003992499147630412
baseline,T6658,HP_industry,0.0037340561224489797
baseline,T6658,HR_S-near,0.0035186298076923077
baseline,T6658,HR_S-far,0.0035186298076923077
baseline,T6658,HR_M-near,0.0031402520783051753
baseline,T6658,HR_M-far,0.0031402520783051753
baseline,T6658,HR_L-near,0.0028380998545807076
baseline,T6658,HR_L-far,0.0028380998545807076
baseline,T6778,CHP_coal,0.5880362264150943
baseline,T6778,CHP_muniwaste,0.19480901077375123
baseline,T6778,CHP_natgas,0.5510247349823321
baseline,T6778,HOB_elec,0.04098282828282828
baseline,T6778,HOB_gasoil,0.2589902912621359
baseline,T6778,HOB_muniwaste,0.14488636363636362
baseline,T6778,HOB_natgas,0.1974757281553398
baseline,T6778,HP_ambient,0.014301374691575606
baseline,T6778,HP_industry,0.013071198453608246
baseline,T6778,HR_S-near,0.012328471589182618
baseline,T6778,HR_S-far,0.012328471589182618
baseline,T6778,HR_M-near,0.011004339571467318
baseline,T6778,HR_M-far,0.011004339571467318
baseline,T6778,HR_L-near,0.009944362745098039
baseline,T6778,HR_L-far,0.009944362745098039
baseline,T6898,CHP_coal,0.5880362264150943
baseline,T6898,CHP_muniwaste,0.19480901077375123
baseline,T6898,CHP_natgas,0.5510247349823321
baseline,T6898,HOB_elec,0.01638181818181818
baseline,T6898,HOB_gasoil,0.2589902912621359
baseline,T6898,HOB_muniwaste,0.14488636363636362
baseline,T6898,HOB_natgas,0.1974757281553398
baseline,T6898,HP_ambient,0.006074157303370787
baseline,T6898,HP_industry,0.005275862068965518
baseline,T6898,HR_S-near,0.0049794289223211545
baseline,T6898,HR_S-far,0.0049794289223211545
baseline,T6898,HR_M-near,0.004443287671232876
baseline,T6898,HR_M-far,0.004443287671232876
baseline,T6898,HR_L-near,0.0040153503342411495
baseline,T6898,HR_L-far,0.0040153503342411495
baseline,T7018,CHP_coal,0.5880362264150943
baseline,T7018,CHP_muniwaste,0.19480901077375123
baseline,T7018,CHP_natgas,0.5510247349823321
baseline,T7018,HOB_elec,0.0112979797979798
baseline,T7018,HOB_gasoil,0.2589902912621359
baseline,T7018,HOB_muniwaste,0.14488636363636362
baseline,T7018,HOB_natgas,0.1974757281553398
baseline,T7018,HP_ambient,0.004463288108539506
baseline,T7018,HP_industry,0.003638581652569942
baseline,T7018,HR_S-near,0.003434141848326681
baseline,T7018,HR_S-far,0.003434141848326681
baseline,T7018,HR_M-near,0.0030643835616438356
baseline,T7018,HR_M-far,0.0030643835616438356
baseline,T7018,HR_L-near,0.0027692498143104733
baseline,T7018,HR_L-far,0.0027692498143104733
baseline,T7138,CHP_coal,0.5880362264150943
baseline,T7138,CHP_muniwaste,0.19480901077375123
baseline,T7138,CHP_natgas,0.5510247349823321
baseline,T7138,HOB_elec,0.03577777777777778
baseline,T7138,HOB_gasoil,0.2589902912621359
baseline,T7138,HOB_muniwaste,0.14488636363636362
baseline,T7138,HOB_natgas,0.1974757281553398
baseline,T7138,HP_ambient,0.013310785419015408
baseline,T7138,HP_industry,0.011522446324007809
baseline,T7138,HR_S-near,0.010875038378876267
baseline,T7138,HR_S-far,0.010875038378876267
baseline,T7138,HR_M-near,0.009704109589041096
baseline,T7138,HR_M-far,0.009704109589041096
baseline,T7138,HR_L-near,0.008769497400346622
baseline,T7138,HR_L-far,0.008769497400346622
baseline,T7258,CHP_coal,0.5880362264150943
baseline,T7258,CHP_muniwaste,0.19480901077375123
baseline,T7258,CHP_natgas,0.5510247349823321
baseline,T7258,HOB_elec,0.024335353535353536
baseline,T7258,HOB_gasoil,0.2589902912621359
baseline,T7258,HOB_muniwaste,0.14488636363636362
baseline,T7258,HOB_natgas,0.1974757281553398
baseline,T7258,HP_ambient,0.008841100917431191
baseline,T7258,HP_industry,0.007911986863711001
baseline,T7258,HR_S-near,0.007472704714640198
baseline,T7258,HR_S-far,0.007472704714640198
baseline,T7258,HR_M-near,0.006668142817603099
baseline,T7258,HR_M-far,0.006668142817603099
baseline,T7258,HR_L-near,0.00602601300650325
baseline,T7258,HR_L-far,0.00602601300650325
baseline,T7378,CHP_coal,0.5880362264150943
baseline,T7378,CHP_muniwaste,0.19480901077375123
baseline,T7378,CHP_natgas,0.5510247349823321
baseline,T7378,HOB_elec,0.026247474747474752
baseline,T7378,HOB_gasoil,0.2589902912621359
baseline,T7378,HOB_muniwaste,0.14488636363636362
baseline,T7378,HOB_natgas,0.1974757281553398
baseline,T7378,HP_ambient,0.010063903950426027
baseline,T7378,HP_industry,0.008621433311214333
baseline,T7378,HR_S-near,0.008145768025078371
baseline,T7378,HR_S-far,0.008145768025078371
baseline,T7378,HR_M-near,0.007270565193060996
baseline,T7378,HR_M-far,0.007270565193060996
baseline,T7378,HR_L-near,0.006568503538928211
baseline,T7378,HR_L-far,0.006568503538928211
baseline,T7498,CHP_coal,0.5880362264150943
baseline,T7498,CHP_muniwaste,0.19480901077375123
baseline,T7498,CHP_natgas,0.5510247349823321
baseline,T7498,HOB_elec,0.01722929292929293
baseline,T7498,HOB_gasoil,0.2589902912621359
baseline,T7498,HOB_muniwaste,0.14488636363636362
baseline,T7498,HOB_natgas,0.1974757281553398
baseline,T7498,HP_ambient,0.006573025048169556
baseline,T7498,HP_industry,0.005712324179504353
baseline,T7498,HR_S-near,0.005401203293223559
baseline,T7498,HR_S-far,0.005401203293223559
baseline,T7498,HR_M-near,0.004819723085617405
baseline,T7498,HR_M-far,0.004819723085617405
baseline,T7498,HR_L-near,0.004354608118458003
baseline,T7498,HR_L-far,0.004354608118458003
baseline,T7618,CHP_coal,0.5880362264150943
baseline,T7618,CHP_muniwaste,0.19480901077375123
baseline,T7618,CHP_natgas,0.5510247349823321
baseline,T7618,HOB_elec,0.02116969696969697
baseline,T7618,HOB_gasoil,0.2589902912621359
baseline,T7618,HOB_muniwaste,0.14488636363636362
baseline,T7618,HOB_natgas,0.1974757281553398
baseline,T7618,HP_ambient,0.00847130153597413
baseline,T7618,HP_industry,0.007018754186202277
baseline,T7618,HR_S-near,0.0066364787840405325
baseline,T7618,HR_S-far,0.0066364787840405325
baseline,T7618,HR_M-near,0.005922011867759254
baseline,T7618,HR_M-far,0.005922011867759254
baseline,T7618,HR_L-near,0.005350523359714067
baseline,T7618,HR_L-far,0.005350523359714067
baseline,T7738,CHP_coal,0.5880362264150943
baseline,T7738,CHP_muniwaste,0.19480901077375123
baseline,T7738,CHP_natgas,0.5510247349823321
baseline,T7738,HOB_elec,0.04525050505050505
baseline,T7738,HOB_gasoil,0.2589902912621359
baseline,T7738,HOB_muniwaste,0.14488636363636362
baseline,T7738,HOB_natgas,0.1974757281553398
baseline,T7738,HP_ambient,0.018299836601307188
baseline,T7738,HP_industry,0.015002679169457465
baseline,T7738,HR_S-near,0.01418556048131729
baseline,T7738,HR_S-far,0.01418556048131729
baseline,T7738,HR_M-near,0.012658378072901948
baseline,T7738,HR_M-far,0.012658378072901948
baseline,T7738,HR_L-near,0.01143681388817973
baseline,T7738,HR_L-far,0.01143681388817973
baseline,T7858,CHP_coal,0.5880362264150943
baseline,T7858,CHP_muniwaste,0.19480901077375123
baseline,T7858,CHP_natgas,0.5510247349823321
baseline,T7858,HOB_elec,0.030063636363636365
baseline,T7858,HOB_gasoil,0.2589902912621359
baseline,T7858,HOB_muniwaste,0.14488636363636362
baseline,T7858,HOB_natgas,0.1974757281553398
baseline,T7858,HP_ambient,0.01245835077438259
baseline,T7858,HP_industry,0.010058465697870902
baseline,T7858,HR_S-near,0.009515025575447571
baseline,T7858,HR_S-far,0.009515025575447571
baseline,T7858,HR_M-near,0.008491583452211128
baseline,T7858,HR_M-far,0.008491583452211128
baseline,T7858,HR_L-near,0.007672853828306264
baseline,T7858,HR_L-far,0.007672853828306264
baseline,T7978,CHP_coal,0.5880362264150943
baseline,T7978,CHP_muniwaste,0.19480901077375123
baseline,T7978,CHP_natgas,0.5510247349823321
baseline,T7978,HOB_elec,0.2261949494949495
baseline,T7978,HOB_gasoil,0.2589902912621359
baseline,T7978,HOB_muniwaste,0.14488636363636362
baseline,T7978,HOB_natgas,0.1974757281553398
baseline,T7978,HP_ambient,0.10381687528975428
baseline,T7978,HP_industry,0.07640156943022859
baseline,T7978,HR_S-near,0.07235315024232633
baseline,T7978,HR_S-far,0.07235315024232633
baseline,T7978,HR_M-near,0.06455260882098587
baseline,T7978,HR_M-far,0.06455260882098587
baseline,T7978,HR_L-near,0.05831588541666667
baseline,T7978,HR_L-far,0.05831588541666667
baseline,T8098,CHP_coal,0.5880362264150943
baseline,T8098,CHP_muniwaste,0.19480901077375123
baseline,T8098,CHP_natgas,0.5510247349823321
baseline,T8098,HOB_elec,0.21430909090909092
baseline,T8098,HOB_gasoil,0.2589902912621359
baseline,T8098,HOB_muniwaste,0.14488636363636362
baseline,T8098,HOB_natgas,0.1974757281553398
baseline,T8098,HP_ambient,0.0940869179600887
baseline,T8098,HP_industry,0.0730599173553719
baseline,T8098,HR_S-near,0.06919960861056752
baseline,T8098,HR_S-far,0.06919960861056752
baseline,T8098,HR_M-near,0.06174796274738068
baseline,T8098,HR_M-far,0.06174796274738068
baseline,T8098,HR_L-near,0.055774447949526816
baseline,T8098,HR_L-far,0.055774447949526816
baseline,T8218,CHP_coal,0.5880362264150943
baseline,T8218,CHP_muniwaste,0.19480901077375123
baseline,T8218,CHP_natgas,0.5510247349823321
baseline,T8218,HOB_elec,0.06880909090909092
baseline,T8218,HOB_gasoil,0.2589902912621359
baseline,T8218,HOB_muniwaste,0.14488636363636362
baseline,T8218,HOB_natgas,0.1974757281553398
baseline,T8218,HP_ambient,0.029579244463742948
baseline,T8218,HP_industry,0.023457644628099177
baseline,T8218,HR_S-near,0.02221819960861057
baseline,T8218,HR_S-far,0.02221819960861057
baseline,T8218,HR_M-near,0.019825669383003494
baseline,T8218,HR_M-far,0.019825669383003494
baseline,T8218,HR_L-near,0.017907728706624607
baseline,T8218,HR_L-far,0.017907728706624607
baseline,T8338,CHP_coal,0.5880362264150943
baseline,T8338,CHP_muniwaste,0.19480901077375123
baseline,T8338,CHP_natgas,0.5510247349823321
baseline,T8338,HOB_elec,0.17904949494949496
baseline,T8338,HOB_gasoil,0.2589902912621359
baseline,T8338,HOB_muniwaste,0.14488636363636362
baseline,T8338,HOB_natgas,0.1974757281553398
baseline,T8338,HP_ambient,0.07984639639639639
baseline,T8338,HP_industry,0.0610396005509642
baseline,T8338,HR_S-near,0.057814416177429884
baseline,T8338,HR_S-far,0.057814416177429884
baseline,T8338,HR_M-near,0.05158876600698487
baseline,T8338,HR_M-far,0.05158876600698487
baseline,T8338,HR_L-near,0.04659805467928497
baseline,T8338,HR_L-far,0.04659805467928497
baseline,T8458,CHP_coal,0.5880362264150943
baseline,T8458,CHP_muniwaste,0.19480901077375123
baseline,T8458,CHP_natgas,0.5510247349823321
baseline,T8458,HOB_elec,0.015567676767676768
baseline,T8458,HOB_gasoil,0.2589902912621359
baseline,T8458,HOB_muniwaste,0.14488636363636362
baseline,T8458,HOB_natgas,0.1974757281553398
baseline,T8458,HP_ambient,0.006239676113360324
baseline,T8458,HP_industry,0.005353247655435915
baseline,T8458,HR_S-near,0.005073074391046741
baseline,T8458,HR_S-far,0.005073074391046741
baseline,T8458,HR_M-near,0.004527614571092832
baseline,T8458,HR_M-far,0.004527614571092832
baseline,T8458,HR_L-near,0.004090233545647559
baseline,T8458,HR_L-far,0.004090233545647559
baseline,T8578,CHP_coal,0.5880362264150943
baseline,T8578,CHP_muniwaste,0.19480901077375123
baseline,T8578,CHP_natgas,0.5510247349823321
baseline,T8578,HOB_elec,0.04756868686868687
baseline,T8578,HOB_gasoil,0.2589902912621359
baseline,T8578,HOB_muniwaste,0.14488636363636362
baseline,T8578,HOB_natgas,0.1974757281553398
baseline,T8578,HP_ambient,0.020791611479028697
baseline,T8578,HP_industry,0.016357415769364364
baseline,T8578,HR_S-near,0.015501316655694538
baseline,T8578,HR_S-far,0.015501316655694538
baseline,T8578,HR_M-near,0.013834606345475911
baseline,T8578,HR_M-far,0.013834606345475911
baseline,T8578,HR_L-near,0.012498142250530786
baseline,T8578,HR_L-far,0.012498142250530786
baseline,T8698,CHP_coal,0.5880362264150943
baseline,T8698,CHP_muniwaste,0.19480901077375123
baseline,T8698,CHP_natgas,0.5510247349823321
baseline,T8698,HOB_elec,0.03972323232323233
baseline,T8698,HOB_gasoil,0.2589902912621359
baseline,T8698,HOB_muniwaste,0.14488636363636362
baseline,T8698,HOB_natgas,0.1974757281553398
baseline,T8698,HP_ambient,0.016170230263157895
baseline,T8698,HP_industry,0.013788920056100981
baseline,T8698,HR_S-near,0.01307815098104423
baseline,T8698,HR_S-far,0.01307815098104423
baseline,T8698,HR_M-near,0.011665974488282408
baseline,T8698,HR_M-far,0.011665974488282408
baseline,T8698,HR_L-near,0.010540337711069417
baseline,T8698,HR_L-far,0.010540337711069417
policy,T0058,CHP_coal,0.5880362264150943
policy,T0058,CHP_muniwaste,0.19480901077375123
policy,T0058,CHP_natgas,0.5510247349823321
policy,T0058,HOB_elec,0.021523232323232326
policy,T0058,HOB_gasoil,0.2589902912621359
policy,T0058,HOB_muniwaste,0.14488636363636362
policy,T0058,HOB_natgas,0.1974757281553398
policy,T0058,HP_ambient,0.00898692534795445
policy,T0058,HP_industry,0.00747124824684432
policy,T0058,HR_S-near,0.007086132357831726
policy,T0058,HR_S-far,0.007086132357831726
policy,T0058,HR_M-near,0.0063209730050430134
policy,T0058,HR_M-far,0.0063209730050430134
policy,T0058,HR_L-near,0.005711069418386491
policy,T0058,HR_L-far,0.005711069418386491
policy,T0178,CHP_coal,0.5880362264150943
policy,T0178,CHP_muniwaste,0.19480901077375123
policy,T0178,CHP_natgas,0.5510247349823321
policy,T0178,HOB_elec,0.022096969696969698
policy,T0178,HOB_gasoil,0.2589902912621359
policy,T0178,HOB_muniwaste,0.14488636363636362
policy,T0178,HOB_natgas,0.1974757281553398
policy,T0178,HP_ambient,0.009156969443281709
policy,T0178,HP_industry,0.007735502121640736
policy,T0178,HR_S-near,0.007340939597315436
policy,T0178,HR_S-far,0.007340939597315436
policy,T0178,HR_M-near,0.006549700598802396
policy,T0178,HR_M-far,0.006549700598802396
policy,T0178,HR_L-near,0.005917230186637814
policy,T0178,HR_L-far,0.005917230186637814
policy,T0298,CHP_coal,0.5880362264150943
policy,T0298,CHP_muniwaste,0.19480901077375123
policy,T0298,CHP_natgas,0.5510247349823321
policy,T0298,HOB_elec,0.017395959595959597
policy,T0298,HOB_gasoil,0.2589902912621359
policy,T0298,HOB_muniwaste,0.14488636363636362
policy,T0298,HOB_natgas,0.1974757281553398
policy,T0298,HP_ambient,0.007208874005860194
policy,T0298,HP_industry,0.0060898161244695905
policy,T0298,HR_S-near,0.005779194630872484
policy,T0298,HR_S-far,0.005779194630872484
policy,T0298,HR_M-near,0.005156287425149702
policy,T0298,HR_M-far,0.005156287425149702
policy,T0298,HR_L-near,0.004658371652691371
policy,T0298,HR_L-far,0.004658371652691371
policy,T0418,CHP_coal,0.5880362264150943
policy,T0418,CHP_muniwaste,0.19480901077375123
policy,T0418,CHP_natgas,0.5510247349823321
policy,T0418,HOB_elec,0.040674747474747475
policy,T0418,HOB_gasoil,0.2589902912621359
policy,T0418,HOB_muniwaste,0.14488636363636362
policy,T0418,HOB_natgas,0.1974757281553398
policy,T0418,HP_ambient,0.018081724292770544
policy,T0418,HP_industry,0.014239038189533239
policy,T0418,HR_S-near,0.013512751677852349
policy,T0418,HR_S-far,0.013512751677852349
policy,T0418,HR_M-near,0.0120562874251497
policy,T0418,HR_M-far,0.0120562874251497
policy,T0418,HR_L-near,0.010892074655125776
policy,T0418,HR_L-far,0.010892074655125776
policy,T0538,CHP_coal,0.5880362264150943
policy,T0538,CHP_muniwaste,0.19480901077375123
policy,T0538,CHP_natgas,0.5510247349823321
policy,T0538,HOB_elec,0.06672121212121213
policy,T0538,HOB_gasoil,0.2589902912621359
policy,T0538,HOB_muniwaste,0.14488636363636362
policy,T0538,HOB_natgas,0.1974757281553398
policy,T0538,HP_ambient,0.029409617097061445
policy,T0538,HP_industry,0.023357142857142858
policy,T0538,HR_S-near,0.02216577181208054
policy,T0538,HR_S-far,0.02216577181208054
policy,T0538,HR_M-near,0.01977664670658683
policy,T0538,HR_M-far,0.01977664670658683
policy,T0538,HR_L-near,0.01786691912361374
policy,T0538,HR_L-far,0.01786691912361374
policy,T0658,CHP_coal,0.5880362264150943
policy,T0658,CHP_muniwaste,0.19480901077375123
policy,T0658,CHP_natgas,0.5510247349823321
policy,T0658,HOB_elec,0.03060606060606061
policy,T0658,HOB_gasoil,0.2589902912621359
policy,T0658,HOB_muniwaste,0.14488636363636362
policy,T0658,HOB_natgas,0.1974757281553398
policy,T0658,HP_ambient,0.01388634280476627
policy,T0658,HP_industry,0.010714285714285714
policy,T0658,HR_S-near,0.01016778523489933
policy,T0658,HR_S-far,0.01016778523489933
policy,T0658,HR_M-near,0.009071856287425151
policy,T0658,HR_M-far,0.009071856287425151
policy,T0658,HR_L-near,0.008195834460373275
policy,T0658,HR_L-far,0.008195834460373275
policy,T0778,CHP_coal,0.5880362264150943
policy,T0778,CHP_muniwaste,0.19480901077375123
policy,T0778,CHP_natgas,0.5510247349823321
policy,T0778,HOB_elec,0.030921212121212124
policy,T0778,HOB_gasoil,0.2589902912621359
policy,T0778,HOB_muniwaste,0.14488636363636362
policy,T0778,HOB_natgas,0.1974757281553398
policy,T0778,HP_ambient,0.013745846430175124
policy,T0778,HP_industry,0.010824611032531824
policy,T0778,HR_S-near,0.010272483221476511
policy,T0778,HR_S-far,0.010272483221476511
policy,T0778,HR_M-near,0.009165269461077845
policy,T0778,HR_M-far,0.009165269461077845
policy,T0778,HR_L-near,0.008280227211252366
policy,T0778,HR_L-far,0.008280227211252366
policy,T0898,CHP_coal,0.5880362264150943
policy,T0898,CHP_muniwaste,0.19480901077375123
policy,T0898,CHP_natgas,0.5510247349823321
policy,T0898,HOB_elec,0.06115454545454546
policy,T0898,HOB_gasoil,0.2589902912621359
policy,T0898,HOB_muniwaste,0.14488636363636362
policy,T0898,HOB_natgas,0.1974757281553398
policy,T0898,HP_ambient,0.027519545454545453
policy,T0898,HP_industry,0.021408415841584157
policy,T0898,HR_S-near,0.020316442953020136
policy,T0898,HR_S-far,0.020316442953020136
policy,T0898,HR_M-near,0.018126646706586827
policy,T0898,HR_M-far,0.018126646706586827
policy,T0898,HR_L-near,0.016376251014335947
policy,T0898,HR_L-far,0.016376251014335947
policy,T1018,CHP_coal,0.5880362264150943
policy,T1018,CHP_muniwaste,0.19480901077375123
policy,T1018,CHP_natgas,0.5510247349823321
policy,T1018,HOB_elec,0.01907878787878788
policy,T1018,HOB_gasoil,0.2589902912621359
policy,T1018,HOB_muniwaste,0.14488636363636362
policy,T1018,HOB_natgas,0.1974757281553398
policy,T1018,HP_ambient,0.007811414392059552
policy,T1018,HP_industry,0.006678925035360678
policy,T1018,HR_S-near,0.006338255033557047
policy,T1018,HR_S-far,0.006338255033557047
policy,T1018,HR_M-near,0.005655089820359282
policy,T1018,HR_M-far,0.005655089820359282
policy,T1018,HR_L-near,0.0051090073032188255
policy,T1018,HR_L-far,0.0051090073032188255
policy,T1138,CHP_coal,0.5880362264150943
policy,T1138,CHP_muniwaste,0.19480901077375123
policy,T1138,CHP_natgas,0.5510247349823321
policy,T1138,HOB_elec,0.014690909090909091
policy,T1138,HOB_gasoil,0.2589902912621359
policy,T1138,HOB_muniwaste,0.14488636363636362
policy,T1138,HOB_natgas,0.1974757281553398
policy,T1138,HP_ambient,0.006113493064312736
policy,T1138,HP_industry,0.005142857142857143
policy,T1138,HR_S-near,0.004880536912751678
policy,T1138,HR_S-far,0.004880536912751678
policy,T1138,HR_M-near,0.004354491017964072
policy,T1138,HR_M-far,0.004354491017964072
policy,T1138,HR_L-near,0.003934000540979172
policy,T1138,HR_L-far,0.003934000540979172
policy,T1258,CHP_coal,0.5880362264150943
policy,T1258,CHP_muniwaste,0.19480901077375123
policy,T1258,CHP_natgas,0.5510247349823321
policy,T1258,HOB_elec,0.05066060606060606
policy,T1258,HOB_gasoil,0.2589902912621359
policy,T1258,HOB_muniwaste,0.14488636363636362
policy,T1258,HOB_natgas,0.1974757281553398
policy,T1258,HP_ambient,0.021646094087181697
policy,T1258,HP_industry,0.017734794908062235
policy,T1258,HR_S-near,0.01683020134228188
policy,T1258,HR_S-far,0.01683020134228188
policy,T1258,HR_M-near,0.01501616766467066
policy,T1258,HR_M-far,0.01501616766467066
policy,T1258,HR_L-near,0.0135661347038139
policy,T1258,HR_L-far,0.0135661347038139
policy,T1378,CHP_coal,0.5880362264150943
policy,T1378,CHP_muniwaste,0.19480901077375123
policy,T1378,CHP_natgas,0.5510247349823321
policy,T1378,HOB_elec,0.07574343434343435
policy,T1378,HOB_gasoil,0.2589902912621359
policy,T1378,HOB_muniwaste,0.14488636363636362
policy,T1378,HOB_natgas,0.1974757281553398
policy,T1378,HP_ambient,0.03274497816593887
policy,T1378,HP_industry,0.02629242636746143
policy,T1378,HR_S-near,0.02493714665779847
policy,T1378,HR_S-far,0.02493714665779847
policy,T1378,HR_M-near,0.022244437852269355
policy,T1378,HR_M-far,0.022244437852269355
policy,T1378,HR_L-near,0.020098097024926292
policy,T1378,HR_L-far,0.020098097024926292
policy,T1498,CHP_coal,0.5880362264150943
policy,T1498,CHP_muniwaste,0.19480901077375123
policy,T1498,CHP_natgas,0.5510247349823321
policy,T1498,HOB_elec,0.01824444444444445
policy,T1498,HOB_gasoil,0.2589902912621359
policy,T1498,HOB_muniwaste,0.14488636363636362
policy,T1498,HOB_natgas,0.1974757281553398
policy,T1498,HP_ambient,0.007808906182447038
policy,T1498,HP_industry,0.006333099579242637
policy,T1498,HR_S-near,0.006006651147322913
policy,T1498,HR_S-far,0.006006651147322913
policy,T1498,HR_M-near,0.005358053989913973
policy,T1498,HR_M-far,0.005358053989913973
policy,T1498,HR_L-near,0.0048410613776467435
policy,T1498,HR_L-far,0.0048410613776467435
policy,T1618,CHP_coal,0.5880362264150943
policy,T1618,CHP_muniwaste,0.19480901077375123
policy,T1618,CHP_natgas,0.5510247349823321
policy,T1618,HOB_elec,0.13304848484848486
policy,T1618,HOB_gasoil,0.2589902912621359
policy,T1618,HOB_muniwaste,0.14488636363636362
policy,T1618,HOB_natgas,0.1974757281553398
policy,T1618,HP_ambient,0.05882894149173739
policy,T1618,HP_industry,0.04618443197755961
policy,T1618,HR_S-near,0.04380379115397406
policy,T1618,HR_S-far,0.04380379115397406
policy,T1618,HR_M-near,0.039073865321862945
policy,T1618,HR_M-far,0.039073865321862945
policy,T1618,HR_L-near,0.035303671937818276
policy,T1618,HR_L-far,0.035303671937818276
policy,T1738,CHP_coal,0.5880362264150943
policy,T1738,CHP_muniwaste,0.19480901077375123
policy,T1738,CHP_natgas,0.5510247349823321
policy,T1738,HOB_elec,0.024723232323232328
policy,T1738,HOB_gasoil,0.2589902912621359
policy,T1738,HOB_muniwaste,0.14488636363636362
policy,T1738,HOB_natgas,0.1974757281553398
policy,T1738,HP_ambient,0.009861402095084609
policy,T1738,HP_industry,0.008501563042723167
policy,T1738,HR_S-near,0.008056616194865043
policy,T1738,HR_S-far,0.008056616194865043
policy,T1738,HR_M-near,0.0071903642773207994
policy,T1738,HR_M-far,0.0071903642773207994
policy,T1738,HR_L-near,0.006495753715498939
policy,T1738,HR_L-far,0.006495753715498939
policy,T1858,CHP_coal,0.5880362264150943
policy,T1858,CHP_muniwaste,0.19480901077375123
policy,T1858,CHP_natgas,0.5510247349823321
policy,T1858,HOB_elec,0.033706060606060614
policy,T1858,HOB_gasoil,0.2589902912621359
policy,T1858,HOB_muniwaste,0.14488636363636362
policy,T1858,HOB_natgas,0.1974757281553398
policy,T1858,HP_ambient,0.014008816120906802
policy,T1858,HP_industry,0.011490702479338845
policy,T1858,HR_S-near,0.010883561643835618
policy,T1858,HR_S-far,0.010883561643835618
policy,T1858,HR_M-near,0.009711583236321306
policy,T1858,HR_M-far,0.009711583236321306
policy,T1858,HR_L-near,0.008772082018927447
policy,T1858,HR_L-far,0.008772082018927447
policy,T1978,CHP_coal,0.5880362264150943
policy,T1978,CHP_muniwaste,0.19480901077375123
policy,T1978,CHP_natgas,0.5510247349823321
policy,T1978,HOB_elec,0.02176060606060606
policy,T1978,HOB_gasoil,0.2589902912621359
policy,T1978,HOB_muniwaste,0.14488636363636362
policy,T1978,HOB_natgas,0.1974757281553398
policy,T1978,HP_ambient,0.008736009732360096
policy,T1978,HP_industry,0.007418388429752067
policy,T1978,HR_S-near,0.00702641878669276
policy,T1978,HR_S-far,0.00702641878669276
policy,T1978,HR_M-near,0.006269790454016298
policy,T1978,HR_M-far,0.006269790454016298
policy,T1978,HR_L-near,0.0056632492113564675
policy,T1978,HR_L-far,0.0056632492113564675
policy,T2098,CHP_coal,0.5880362264150943
policy,T2098,CHP_muniwaste,0.19480901077375123
policy,T2098,CHP_natgas,0.5510247349823321
policy,T2098,HOB_elec,0.041174747474747475
policy,T2098,HOB_gasoil,0.2589902912621359
policy,T2098,HOB_muniwaste,0.14488636363636362
policy,T2098,HOB_natgas,0.1974757281553398
policy,T2098,HP_ambient,0.017294442087399234
policy,T2098,HP_industry,0.01403684573002755
policy,T2098,HR_S-near,0.013295172863666016
policy,T2098,HR_S-far,0.013295172863666016
policy,T2098,HR_M-near,0.01186350407450524
policy,T2098,HR_M-far,0.01186350407450524
policy,T2098,HR_L-near,0.010715825446898003
policy,T2098,HR_L-far,0.010715825446898003
policy,T2218,CHP_coal,0.5880362264150943
policy,T2218,CHP_muniwaste,0.19480901077375123
policy,T2218,CHP_natgas,0.5510247349823321
policy,T2218,HOB_elec,0.03170808080808081
policy,T2218,HOB_gasoil,0.2589902912621359
policy,T2218,HOB_muniwaste,0.14488636363636362
policy,T2218,HOB_natgas,0.1974757281553398
policy,T2218,HP_ambient,0.013654197477163985
policy,T2218,HP_industry,0.010709996588195157
policy,T2218,HR_S-near,0.010142487883683361
policy,T2218,HR_S-far,0.010142487883683361
policy,T2218,HR_M-near,0.009049005477082733
policy,T2218,HR_M-far,0.009049005477082733
policy,T2218,HR_L-near,0.008174739583333335
policy,T2218,HR_L-far,0.008174739583333335
policy,T2338,CHP_coal,0.5880362264150943
policy,T2338,CHP_muniwaste,0.19480901077375123
policy,T2338,CHP_natgas,0.5510247349823321
policy,T2338,HOB_elec,0.02467171717171717
policy,T2338,HOB_gasoil,0.2589902912621359
policy,T2338,HOB_muniwaste,0.14488636363636362
policy,T2338,HOB_natgas,0.1974757281553398
policy,T2338,HP_ambient,0.009888663967611335
policy,T2338,HP_industry,0.008333333333333333
policy,T2338,HR_S-near,0.007891760904684976
policy,T2338,HR_S-far,0.007891760904684976
policy,T2338,HR_M-near,0.0070409339867396935
policy,T2338,HR_M-far,0.0070409339867396935
policy,T2338,HR_L-near,0.006360677083333334
policy,T2338,HR_L-far,0.006360677083333334
policy,T2458,CHP_coal,0.5880362264150943
policy,T2458,CHP_muniwaste,0.19480901077375123
policy,T2458,CHP_natgas,0.5510247349823321
policy,T2458,HOB_elec,0.024542424242424244
policy,T2458,HOB_gasoil,0.2589902912621359
policy,T2458,HOB_muniwaste,0.14488636363636362
policy,T2458,HOB_natgas,0.1974757281553398
policy,T2458,HP_ambient,0.00956198347107438
policy,T2458,HP_industry,0.00821122000675904
policy,T2458,HR_S-near,0.007767583120204604
policy,T2458,HR_S-far,0.007767583120204604
policy,T2458,HR_M-near,0.006932097004279601
policy,T2458,HR_M-far,0.006932097004279601
policy,T2458,HR_L-near,0.006263727764887857
policy,T2458,HR_L-far,0.006263727764887857
policy,T2578,CHP_coal,0.5880362264150943
policy,T2578,CHP_muniwaste,0.19480901077375123
policy,T2578,CHP_natgas,0.5510247349823321
policy,T2578,HOB_elec,0.02534747474747475
policy,T2578,HOB_gasoil,0.2589902912621359
policy,T2578,HOB_muniwaste,0.14488636363636362
policy,T2578,HOB_natgas,0.1974757281553398
policy,T2578,HP_ambient,0.009703789636504255
policy,T2578,HP_industry,0.008403884795713329
policy,T2578,HR_S-near,0.0079461684610513
policy,T2578,HR_S-far,0.0079461684610513
policy,T2578,HR_M-near,0.007090703588584346
policy,T2578,HR_M-far,0.007090703588584346
policy,T2578,HR_L-near,0.006406433495021701
policy,T2578,HR_L-far,0.006406433495021701
policy,T2698,CHP_coal,0.5880362264150943
policy,T2698,CHP_muniwaste,0.19480901077375123
policy,T2698,CHP_natgas,0.5510247349823321
policy,T2698,HOB_elec,0.027637373737373738
policy,T2698,HOB_gasoil,0.2589902912621359
policy,T2698,HOB_muniwaste,0.14488636363636362
policy,T2698,HOB_natgas,0.1974757281553398
policy,T2698,HP_ambient,0.010340513983371127
policy,T2698,HP_industry,0.009163094440723375
policy,T2698,HR_S-near,0.008664027865737809
policy,T2698,HR_S-far,0.008664027865737809
policy,T2698,HR_M-near,0.0077312800226052554
policy,T2698,HR_M-far,0.0077312800226052554
policy,T2698,HR_L-near,0.00698519274955323
policy,T2698,HR_L-far,0.00698519274955323
policy,T2818,CHP_coal,0.5880362264150943
policy,T2818,CHP_muniwaste,0.19480901077375123
policy,T2818,CHP_natgas,0.5510247349823321
policy,T2818,HOB_elec,0.03140606060606061
policy,T2818,HOB_gasoil,0.2589902912621359
policy,T2818,HOB_muniwaste,0.14488636363636362
policy,T2818,HOB_natgas,0.1974757281553398
policy,T2818,HP_ambient,0.012102763721292332
policy,T2818,HP_industry,0.010315859323158594
policy,T2818,HR_S-near,0.009746708463949845
policy,T2818,HR_S-far,0.009746708463949845
policy,T2818,HR_M-near,0.008699496362618915
policy,T2818,HR_M-far,0.008699496362618915
policy,T2818,HR_L-near,0.007859453993933266
policy,T2818,HR_L-far,0.007859453993933266
policy,T2938,CHP_coal,0.5880362264150943
policy,T2938,CHP_muniwaste,0.19480901077375123
policy,T2938,CHP_natgas,0.5510247349823321
policy,T2938,HOB_elec,0.03562121212121212
policy,T2938,HOB_gasoil,0.2589902912621359
policy,T2938,HOB_muniwaste,0.14488636363636362
policy,T2938,HOB_natgas,0.1974757281553398
policy,T2938,HP_ambient,0.013342792281498298
policy,T2938,HP_industry,0.011581280788177339
policy,T2938,HR_S-near,0.010938275434243175
policy,T2938,HR_S-far,0.010938275434243175
policy,T2938,HR_M-near,0.00976058676999723
policy,T2938,HR_M-far,0.00976058676999723
policy,T2938,HR_L-near,0.00882066033016508
policy,T2938,HR_L-far,0.00882066033016508
policy,T3058,CHP_coal,0.5880362264150943
policy,T3058,CHP_muniwaste,0.19480901077375123
policy,T3058,CHP_natgas,0.5510247349823321
policy,T3058,HOB_elec,0.020263636363636366
policy,T3058,HOB_gasoil,0.2589902912621359
policy,T3058,HOB_muniwaste,0.14488636363636362
policy,T3058,HOB_natgas,0.1974757281553398
policy,T3058,HP_ambient,0.007263215061549601
policy,T3058,HP_industry,0.006588177339901477
policy,T3058,HR_S-near,0.006222394540942928
policy,T3058,HR_S-far,0.006222394540942928
policy,T3058,HR_M-near,0.005552449487960144
policy,T3058,HR_M-far,0.005552449487960144
policy,T3058,HR_L-near,0.005017758879439719
policy,T3058,HR_L-far,0.005017758879439719
policy,T3178,CHP_coal,0.5880362264150943
policy,T3178,CHP_muniwaste,0.19480901077375123
policy,T3178,CHP_natgas,0.5510247349823321
policy,T3178,HOB_elec,0.02823737373737374
policy,T3178,HOB_gasoil,0.2589902912621359
policy,T3178,HOB_muniwaste,0.14488636363636362
policy,T3178,HOB_natgas,0.1974757281553398
policy,T3178,HP_ambient,0.009346372450685389
policy,T3178,HP_industry,0.00909401431359792
policy,T3178,HR_S-near,0.008583051888240713
policy,T3178,HR_S-far,0.008583051888240713
policy,T3178,HR_M-near,0.007658904109589041
policy,T3178,HR_M-far,0.007658904109589041
policy,T3178,HR_L-near,0.006921267640505076
policy,T3178,HR_L-far,0.006921267640505076
policy,T3298,CHP_coal,0.5880362264150943
policy,T3298,CHP_muniwaste,0.19480901077375123
policy,T3298,CHP_natgas,0.5510247349823321
policy,T3298,HOB_elec,0.027996969696969697
policy,T3298,HOB_gasoil,0.2589902912621359
policy,T3298,HOB_muniwaste,0.14488636363636362
policy,T3298,HOB_natgas,0.1974757281553398
policy,T3298,HP_ambient,0.01048694665153235
policy,T3298,HP_industry,0.009016590761223162
policy,T3298,HR_S-near,0.00850997850782929
policy,T3298,HR_S-far,0.00850997850782929
policy,T3298,HR_M-near,0.007593698630136985
policy,T3298,HR_M-far,0.007593698630136985
policy,T3298,HR_L-near,0.006862342163901957
policy,T3298,HR_L-far,0.006862342163901957
policy,T3418,CHP_coal,0.5880362264150943
policy,T3418,CHP_muniwaste,0.19480901077375123
policy,T3418,CHP_natgas,0.5510247349823321
policy,T3418,HOB_elec,0.07631616161616162
policy,T3418,HOB_gasoil,0.2589902912621359
policy,T3418,HOB_muniwaste,0.14488636363636362
policy,T3418,HOB_natgas,0.1974757281553398
policy,T3418,HP_ambient,0.026352633414719218
policy,T3418,HP_industry,0.02434052835051546
policy,T3418,HR_S-near,0.02295745973868125
policy,T3418,HR_S-far,0.02295745973868125
policy,T3418,HR_M-near,0.020491727691890425
policy,T3418,HR_M-far,0.020491727691890425
policy,T3418,HR_L-near,0.018517892156862743
policy,T3418,HR_L-far,0.018517892156862743
policy,T3538,CHP_coal,0.5880362264150943
policy,T3538,CHP_muniwaste,0.19480901077375123
policy,T3538,CHP_natgas,0.5510247349823321
policy,T3538,HOB_elec,0.07721616161616161
policy,T3538,HOB_gasoil,0.2589902912621359
policy,T3538,HOB_muniwaste,0.14488636363636362
policy,T3538,HOB_natgas,0.1974757281553398
policy,T3538,HP_ambient,0.025678199529727913
policy,T3538,HP_industry,0.02437627551020408
policy,T3538,HR_S-near,0.022969951923076923
policy,T3538,HR_S-far,0.022969951923076923
policy,T3538,HR_M-near,0.02049986591579512
policy,T3538,HR_M-far,0.02049986591579512
policy,T3538,HR_L-near,0.01852738730004847
policy,T3538,HR_L-far,0.01852738730004847
policy,T3658,CHP_coal,0.5880362264150943
policy,T3658,CHP_muniwaste,0.19480901077375123
policy,T3658,CHP_natgas,0.5510247349823321
policy,T3658,HOB_elec,0.027527272727272727
policy,T3658,HOB_gasoil,0.2589902912621359
policy,T3658,HOB_muniwaste,0.14488636363636362
policy,T3658,HOB_natgas,0.1974757281553398
policy,T3658,HP_ambient,0.00925679347826087
policy,T3658,HP_industry,0.008690051020408162
policy,T3658,HR_S-near,0.008188701923076922
policy,T3658,HR_S-far,0.008188701923076922
policy,T3658,HR_M-near,0.007308125502815768
policy,T3658,HR_M-far,0.007308125502815768
policy,T3658,HR_L-near,0.006604944255937954
policy,T3658,HR_L-far,0.006604944255937954
policy,T3778,CHP_coal,0.5880362264150943
policy,T3778,CHP_muniwaste,0.19480901077375123
policy,T3778,CHP_natgas,0.5510247349823321
policy,T3778,HOB_elec,0.032035353535353535
policy,T3778,HOB_gasoil,0.2589902912621359
policy,T3778,HOB_muniwaste,0.14488636363636362
policy,T3778,HOB_natgas,0.1974757281553398
policy,T3778,HP_ambient,0.009529747596153847
policy,T3778,HP_industry,0.01001104797979798
policy,T3778,HR_S-near,0.009427764565992865
policy,T3778,HR_S-far,0.009427764565992865
policy,T3778,HR_M-near,0.008416932059447983
policy,T3778,HR_M-far,0.008416932059447983
policy,T3778,HR_L-near,0.007605515587529976
policy,T3778,HR_L-far,0.007605515587529976
policy,T3898,CHP_coal,0.5880362264150943
policy,T3898,CHP_muniwaste,0.19480901077375123
policy,T3898,CHP_natgas,0.5510247349823321
policy,T3898,HOB_elec,0.021136363636363637
policy,T3898,HOB_gasoil,0.2589902912621359
policy,T3898,HOB_muniwaste,0.14488636363636362
policy,T3898,HOB_natgas,0.1974757281553398
policy,T3898,HP_ambient,0.006274362818590704
policy,T3898,HP_industry,0.0066051136363636355
policy,T3898,HR_S-near,0.0062202734839476815
policy,T3898,HR_S-far,0.0062202734839476815
policy,T3898,HR_M-near,0.005553343949044586
policy,T3898,HR_M-far,0.005553343949044586
policy,T3898,HR_L-near,0.005017985611510792
policy,T3898,HR_L-far,0.005017985611510792
policy,T4018,CHP_coal,0.5880362264150943
policy,T4018,CHP_muniwaste,0.19480901077375123
policy,T4018,CHP_natgas,0.5510247349823321
policy,T4018,HOB_elec,0.029281818181818183
policy,T4018,HOB_gasoil,0.2589902912621359
policy,T4018,HOB_muniwaste,0.14488636363636362
policy,T4018,HOB_natgas,0.1974757281553398
policy,T4018,HP_ambient,0.008653432835820894
policy,T4018,HP_industry,0.0090590625
policy,T4018,HR_S-near,0.008526176470588237
policy,T4018,HR_S-far,0.008526176470588237
policy,T4018,HR_M-near,0.00761065896560777
policy,T4018,HR_M-far,0.00761065896560777
policy,T4018,HR_L-near,0.006879212149976269
policy,T4018,HR_L-far,0.006879212149976269
policy,T4138,CHP_coal,0.5880362264150943
policy,T4138,CHP_muniwaste,0.19480901077375123
policy,T4138,CHP_natgas,0.5510247349823321
policy,T4138,HOB_elec,0.040873737373737375
policy,T4138,HOB_gasoil,0.2589902912621359
policy,T4138,HOB_muniwaste,0.14488636363636362
policy,T4138,HOB_natgas,0.1974757281553398
policy,T4138,HP_ambient,0.011718795250506805
policy,T4138,HP_industry,0.0126453125
policy,T4138,HR_S-near,0.011901470588235295
policy,T4138,HR_S-far,0.011901470588235295
policy,T4138,HR_M-near,0.010623523234444735
policy,T4138,HR_M-far,0.010623523234444735
policy,T4138,HR_L-near,0.00960251542477456
policy,T4138,HR_L-far,0.00960251542477456
policy,T4258,CHP_coal,0.5880362264150943
policy,T4258,CHP_muniwaste,0.19480901077375123
policy,T4258,CHP_natgas,0.5510247349823321
policy,T4258,HOB_elec,0.017323232323232324
policy,T4258,HOB_gasoil,0.2589902912621359
policy,T4258,HOB_muniwaste,0.14488636363636362
policy,T4258,HOB_natgas,0.1974757281553398
policy,T4258,HP_ambient,0.005331053776810692
policy,T4258,HP_industry,0.0053013910355486854
policy,T4258,HR_S-near,0.004985465116279069
policy,T4258,HR_S-far,0.004985465116279069
policy,T4258,HR_M-near,0.004451077082792628
policy,T4258,HR_M-far,0.004451077082792628
policy,T4258,HR_L-near,0.004022988505747126
policy,T4258,HR_L-far,0.004022988505747126
policy,T4378,CHP_coal,0.5880362264150943
policy,T4378,CHP_muniwaste,0.19480901077375123
policy,T4378,CHP_natgas,0.5510247349823321
policy,T4378,HOB_elec,0.05105353535353536
policy,T4378,HOB_gasoil,0.2589902912621359
policy,T4378,HOB_muniwaste,0.14488636363636362
policy,T4378,HOB_natgas,0.1974757281553398
policy,T4378,HP_ambient,0.015357945913096322
policy,T4378,HP_industry,0.015623802163833075
policy,T4378,HR_S-near,0.014692732558139535
policy,T4378,HR_S-far,0.014692732558139535
policy,T4378,HR_M-near,0.0131178302621334
policy,T4378,HR_M-far,0.0131178302621334
policy,T4378,HR_L-near,0.01185620455078583
policy,T4378,HR_L-far,0.01185620455078583
policy,T4498,CHP_coal,0.5880362264150943
policy,T4498,CHP_muniwaste,0.19480901077375123
policy,T4498,CHP_natgas,0.5510247349823321
policy,T4498,HOB_elec,0.023331313131313133
policy,T4498,HOB_gasoil,0.2589902912621359
policy,T4498,HOB_muniwaste,0.14488636363636362
policy,T4498,HOB_natgas,0.1974757281553398
policy,T4498,HP_ambient,0.006942590922753231
policy,T4498,HP_industry,0.007067931456548348
policy,T4498,HR_S-near,0.006641173087981599
policy,T4498,HR_S-far,0.006641173087981599
policy,T4498,HR_M-near,0.00592864476386037
policy,T4498,HR_M-far,0.00592864476386037
policy,T4498,HR_L-near,0.0053591647331786545
policy,T4498,HR_L-far,0.0053591647331786545
policy,T4618,CHP_coal,0.5880362264150943
policy,T4618,CHP_muniwaste,0.19480901077375123
policy,T4618,CHP_natgas,0.5510247349823321
policy,T4618,HOB_elec,0.03111010101010101
policy,T4618,HOB_gasoil,0.2589902912621359
policy,T4618,HOB_muniwaste,0.14488636363636362
policy,T4618,HOB_natgas,0.1974757281553398
policy,T4618,HP_ambient,0.009550077519379845
policy,T4618,HP_industry,0.009424418604651163
policy,T4618,HR_S-near,0.008855376653248993
policy,T4618,HR_S-far,0.008855376653248993
policy,T4618,HR_M-near,0.00790528747433265
policy,T4618,HR_M-far,0.00790528747433265
policy,T4618,HR_L-near,0.007145939675174014
policy,T4618,HR_L-far,0.007145939675174014
policy,T4738,CHP_coal,0.5880362264150943
policy,T4738,CHP_muniwaste,0.19480901077375123
policy,T4738,CHP_natgas,0.5510247349823321
policy,T4738,HOB_elec,0.02005959595959596
policy,T4738,HOB_gasoil,0.2589902912621359
policy,T4738,HOB_muniwaste,0.14488636363636362
policy,T4738,HOB_natgas,0.1974757281553398
policy,T4738,HP_ambient,0.006209818636647906
policy,T4738,HP_industry,0.006076805385556916
policy,T4738,HR_S-near,0.005709890741805636
policy,T4738,HR_S-far,0.005709890741805636
policy,T4738,HR_M-near,0.0050972792607802886
policy,T4738,HR_M-far,0.0050972792607802886
policy,T4738,HR_L-near,0.004607656612529003
policy,T4738,HR_L-far,0.004607656612529003
policy,T4858,CHP_coal,0.5880362264150943
policy,T4858,CHP_muniwaste,0.19480901077375123
policy,T4858,CHP_natgas,0.5510247349823321
policy,T4858,HOB_elec,0.023322222222222223
policy,T4858,HOB_gasoil,0.2589902912621359
policy,T4858,HOB_muniwaste,0.14488636363636362
policy,T4858,HOB_natgas,0.1974757281553398
policy,T4858,HP_ambient,0.007262975778546712
policy,T4858,HP_industry,0.007065177478580171
policy,T4858,HR_S-near,0.006638585393904542
policy,T4858,HR_S-far,0.006638585393904542
policy,T4858,HR_M-near,0.005926334702258727
policy,T4858,HR_M-far,0.005926334702258727
policy,T4858,HR_L-near,0.00535707656612529
policy,T4858,HR_L-far,0.00535707656612529
policy,T4978,CHP_coal,0.5880362264150943
policy,T4978,CHP_muniwaste,0.19480901077375123
policy,T4978,CHP_natgas,0.5510247349823321
policy,T4978,HOB_elec,0.02498888888888889
policy,T4978,HOB_gasoil,0.2589902912621359
policy,T4978,HOB_muniwaste,0.14488636363636362
policy,T4978,HOB_natgas,0.1974757281553398
policy,T4978,HP_ambient,0.007782006920415225
policy,T4978,HP_industry,0.007570073439412485
policy,T4978,HR_S-near,0.007112995974698102
policy,T4978,HR_S-far,0.007112995974698102
policy,T4978,HR_M-near,0.0063498459958932245
policy,T4978,HR_M-far,0.0063498459958932245
policy,T4978,HR_L-near,0.005739907192575407
policy,T4978,HR_L-far,0.005739907192575407
policy,T5098,CHP_coal,0.5880362264150943
policy,T5098,CHP_muniwaste,0.19480901077375123
policy,T5098,CHP_natgas,0.5510247349823321
policy,T5098,HOB_elec,0.04010505050505051
policy,T5098,HOB_gasoil,0.2589902912621359
policy,T5098,HOB_muniwaste,0.14488636363636362
policy,T5098,HOB_natgas,0.1974757281553398
policy,T5098,HP_ambient,0.012288455586505728
policy,T5098,HP_industry,0.012149326805385557
policy,T5098,HR_S-near,0.01141575618171363
policy,T5098,HR_S-far,0.01141575618171363
policy,T5098,HR_M-near,0.010190965092402466
policy,T5098,HR_M-far,0.010190965092402466
policy,T5098,HR_L-near,0.009212064965197218
policy,T5098,HR_L-far,0.009212064965197218
policy,T5218,CHP_coal,0.5880362264150943
policy,T5218,CHP_muniwaste,0.19480901077375123
policy,T5218,CHP_natgas,0.5510247349823321
policy,T5218,HOB_elec,0.025715151515151517
policy,T5218,HOB_gasoil,0.2589902912621359
policy,T5218,HOB_muniwaste,0.14488636363636362
policy,T5218,HOB_natgas,0.1974757281553398
policy,T5218,HP_ambient,0.008023321777497637
policy,T5218,HP_industry,0.007790085679314566
policy,T5218,HR_S-near,0.007319723979298447
policy,T5218,HR_S-far,0.007319723979298447
policy,T5218,HR_M-near,0.006534394250513349
policy,T5218,HR_M-far,0.006534394250513349
policy,T5218,HR_L-near,0.005906728538283063
policy,T5218,HR_L-far,0.005906728538283063
policy,T5338,CHP_coal,0.5880362264150943
policy,T5338,CHP_muniwaste,0.19480901077375123
policy,T5338,CHP_natgas,0.5510247349823321
policy,T5338,HOB_elec,0.02869090909090909
policy,T5338,HOB_gasoil,0.2589902912621359
policy,T5338,HOB_muniwaste,0.14488636363636362
policy,T5338,HOB_natgas,0.1974757281553398
policy,T5338,HP_ambient,0.008934885184020133
policy,T5338,HP_industry,0.008691554467564259
policy,T5338,HR_S-near,0.008166762507188037
policy,T5338,HR_S-far,0.008166762507188037
policy,T5338,HR_M-near,0.007290554414784395
policy,T5338,HR_M-far,0.007290554414784395
policy,T5338,HR_L-near,0.0065902552204176335
policy,T5338,HR_L-far,0.0065902552204176335
policy,T5458,CHP_coal,0.5880362264150943
policy,T5458,CHP_muniwaste,0.19480901077375123
policy,T5458,CHP_natgas,0.5510247349823321
policy,T5458,HOB_elec,0.030501010101010105
policy,T5458,HOB_gasoil,0.2589902912621359
policy,T5458,HOB_muniwaste,0.14488636363636362
policy,T5458,HOB_natgas,0.1974757281553398
policy,T5458,HP_ambient,0.009095180722891567
policy,T5458,HP_industry,0.009239902080783353
policy,T5458,HR_S-near,0.008682001150086256
policy,T5458,HR_S-far,0.008682001150086256
policy,T5458,HR_M-near,0.007750513347022588
policy,T5458,HR_M-far,0.007750513347022588
policy,T5458,HR_L-near,0.007006032482598608
policy,T5458,HR_L-far,0.007006032482598608
policy,T5578,CHP_coal,0.5880362264150943
policy,T5578,CHP_muniwaste,0.19480901077375123
policy,T5578,CHP_natgas,0.5510247349823321
policy,T5578,HOB_elec,0.03901717171717172
policy,T5578,HOB_gasoil,0.2589902912621359
policy,T5578,HOB_muniwaste,0.14488636363636362
policy,T5578,HOB_natgas,0.1974757281553398
policy,T5578,HP_ambient,0.011245123726346434
policy,T5578,HP_industry,0.011819767441860465
policy,T5578,HR_S-near,0.011106095457159286
policy,T5578,HR_S-far,0.011106095457159286
policy,T5578,HR_M-near,0.009914527720739221
policy,T5578,HR_M-far,0.009914527720739221
policy,T5578,HR_L-near,0.008962180974477959
policy,T5578,HR_L-far,0.008962180974477959
policy,T5698,CHP_coal,0.5880362264150943
policy,T5698,CHP_muniwaste,0.19480901077375123
policy,T5698,CHP_natgas,0.5510247349823321
policy,T5698,HOB_elec,0.03737777777777778
policy,T5698,HOB_gasoil,0.2589902912621359
policy,T5698,HOB_muniwaste,0.14488636363636362
policy,T5698,HOB_natgas,0.1974757281553398
policy,T5698,HP_ambient,0.011006543723973824
policy,T5698,HP_industry,0.011323133414932681
policy,T5698,HR_S-near,0.010639447958596894
policy,T5698,HR_S-far,0.010639447958596894
policy,T5698,HR_M-near,0.009497946611909653
policy,T5698,HR_M-far,0.009497946611909653
policy,T5698,HR_L-near,0.008585614849187935
policy,T5698,HR_L-far,0.008585614849187935
policy,T5818,CHP_coal,0.5880362264150943
policy,T5818,CHP_muniwaste,0.19480901077375123
policy,T5818,CHP_natgas,0.5510247349823321
policy,T5818,HOB_elec,0.028391919191919194
policy,T5818,HOB_gasoil,0.2589902912621359
policy,T5818,HOB_muniwaste,0.14488636363636362
policy,T5818,HOB_natgas,0.1974757281553398
policy,T5818,HP_ambient,0.009288830138797093
policy,T5818,HP_industry,0.008688717156105101
policy,T5818,HR_S-near,0.008170930232558141
policy,T5818,HR_S-far,0.008170930232558141
policy,T5818,HR_M-near,0.007295094731378147
policy,T5818,HR_M-far,0.007295094731378147
policy,T5818,HR_L-near,0.006593478770818673
policy,T5818,HR_L-far,0.006593478770818673
policy,T5938,CHP_coal,0.5880362264150943
policy,T5938,CHP_muniwaste,0.19480901077375123
policy,T5938,CHP_natgas,0.5510247349823321
policy,T5938,HOB_elec,0.02404646464646465
policy,T5938,HOB_gasoil,0.2589902912621359
policy,T5938,HOB_muniwaste,0.14488636363636362
policy,T5938,HOB_natgas,0.1974757281553398
policy,T5938,HP_ambient,0.006977139507620165
policy,T5938,HP_industry,0.0073588871715610515
policy,T5938,HR_S-near,0.0069203488372093025
policy,T5938,HR_S-far,0.0069203488372093025
policy,T5938,HR_M-near,0.006178562159356345
policy,T5938,HR_M-far,0.006178562159356345
policy,T5938,HR_L-near,0.005584330283837673
policy,T5938,HR_L-far,0.005584330283837673
policy,T6058,CHP_coal,0.5880362264150943
policy,T6058,CHP_muniwaste,0.19480901077375123
policy,T6058,CHP_natgas,0.5510247349823321
policy,T6058,HOB_elec,0.0274010101010101
policy,T6058,HOB_gasoil,0.2589902912621359
policy,T6058,HOB_muniwaste,0.14488636363636362
policy,T6058,HOB_natgas,0.1974757281553398
policy,T6058,HP_ambient,0.007719692657939669
policy,T6058,HP_industry,0.0084771875
policy,T6058,HR_S-near,0.007978529411764705
policy,T6058,HR_S-far,0.007978529411764705
policy,T6058,HR_M-near,0.007121816749803097
policy,T6058,HR_M-far,0.007121816749803097
policy,T6058,HR_L-near,0.006437351684859989
policy,T6058,HR_L-far,0.006437351684859989
policy,T6178,CHP_coal,0.5880362264150943
policy,T6178,CHP_muniwaste,0.19480901077375123
policy,T6178,CHP_natgas,0.5510247349823321
policy,T6178,HOB_elec,0.02846767676767677
policy,T6178,HOB_gasoil,0.2589902912621359
policy,T6178,HOB_muniwaste,0.14488636363636362
policy,T6178,HOB_natgas,0.1974757281553398
policy,T6178,HP_ambient,0.008929974651457541
policy,T6178,HP_industry,0.0088071875
policy,T6178,HR_S-near,0.008289117647058824
policy,T6178,HR_S-far,0.008289117647058824
policy,T6178,HR_M-near,0.0073990548700446305
policy,T6178,HR_M-far,0.0073990548700446305
policy,T6178,HR_L-near,0.006687944945420027
policy,T6178,HR_L-far,0.006687944945420027
policy,T6298,CHP_coal,0.5880362264150943
policy,T6298,CHP_muniwaste,0.19480901077375123
policy,T6298,CHP_natgas,0.5510247349823321
policy,T6298,HOB_elec,0.017992929292929293
policy,T6298,HOB_gasoil,0.2589902912621359
policy,T6298,HOB_muniwaste,0.14488636363636362
policy,T6298,HOB_natgas,0.1974757281553398
policy,T6298,HP_ambient,0.005612161310649023
policy,T6298,HP_industry,0.0056227904040404035
policy,T6298,HR_S-near,0.005295184304399524
policy,T6298,HR_S-far,0.005295184304399524
policy,T6298,HR_M-near,0.00472744161358811
policy,T6298,HR_M-far,0.00472744161358811
policy,T6298,HR_L-near,0.004271702637889688
policy,T6298,HR_L-far,0.004271702637889688
policy,T6418,CHP_coal,0.5880362264150943
policy,T6418,CHP_muniwaste,0.19480901077375123
policy,T6418,CHP_natgas,0.5510247349823321
policy,T6418,HOB_elec,0.02090808080808081
policy,T6418,HOB_gasoil,0.2589902912621359
policy,T6418,HOB_muniwaste,0.14488636363636362
policy,T6418,HOB_natgas,0.1974757281553398
policy,T6418,HP_ambient,0.006742345276872964
policy,T6418,HP_industry,0.006533775252525252
policy,T6418,HR_S-near,0.006153091557669441
policy,T6418,HR_S-far,0.006153091557669441
policy,T6418,HR_M-near,0.005493365180467091
policy,T6418,HR_M-far,0.005493365180467091
policy,T6418,HR_L-near,0.00496378896882494
policy,T6418,HR_L-far,0.00496378896882494
policy,T6538,CHP_coal,0.5880362264150943
policy,T6538,CHP_muniwaste,0.19480901077375123
policy,T6538,CHP_natgas,0.5510247349823321
policy,T6538,HOB_elec,0.014724242424242424
policy,T6538,HOB_gasoil,0.2589902912621359
policy,T6538,HOB_muniwaste,0.14488636363636362
policy,T6538,HOB_natgas,0.1974757281553398
policy,T6538,HP_ambient,0.004748208469055375
policy,T6538,HP_industry,0.004601325757575757
policy,T6538,HR_S-near,0.004333234244946492
policy,T6538,HR_S-far,0.004333234244946492
policy,T6538,HR_M-near,0.0038686305732484076
policy,T6538,HR_M-far,0.0038686305732484076
policy,T6538,HR_L-near,0.00349568345323741
policy,T6538,HR_L-far,0.00349568345323741
policy,T6658,CHP_coal,0.5880362264150943
policy,T6658,CHP_muniwaste,0.19480901077375123
policy,T6658,CHP_natgas,0.5510247349823321
policy,T6658,HOB_elec,0.011828282828282828
policy,T6658,HOB_gasoil,0.2589902912621359
policy,T6658,HOB_muniwaste,0.14488636363636362
policy,T6658,HOB_natgas,0.1974757281553398
policy,T6658,HP_ambient,0.003992499147630412
policy,T6658,HP_industry,0.0037340561224489797
policy,T6658,HR_S-near,0.0035186298076923077
policy,T6658,HR_S-far,0.0035186298076923077
policy,T6658,HR_M-near,0.0031402520783051753
policy,T6658,HR_M-far,0.0031402520783051753
policy,T6658,HR_L-near,0.0028380998545807076
policy,T6658,HR_L-far,0.0028380998545807076
policy,T6778,CHP_coal,0.5880362264150943
policy,T6778,CHP_muniwaste,0.19480901077375123
policy,T6778,CHP_natgas,0.5510247349823321
policy,T6778,HOB_elec,0.04098282828282828
policy,T6778,HOB_gasoil,0.2589902912621359
policy,T6778,HOB_muniwaste,0.14488636363636362
policy,T6778,HOB_natgas,0.1974757281553398
policy,T6778,HP_ambient,0.014301374691575606
policy,T6778,HP_industry,0.013071198453608246
policy,T6778,HR_S-near,0.012328471589182618
policy,T6778,HR_S-far,0.012328471589182618
policy,T6778,HR_M-near,0.011004339571467318
policy,T6778,HR_M-far,0.011004339571467318
policy,T6778,HR_L-near,0.009944362745098039
policy,T6778,HR_L-far,0.009944362745098039
policy,T6898,CHP_coal,0.5880362264150943
policy,T6898,CHP_muniwaste,0.19480901077375123
policy,T6898,CHP_natgas,0.5510247349823321
policy,T6898,HOB_elec,0.01638181818181818
policy,T6898,HOB_gasoil,0.2589902912621359
policy,T6898,HOB_muniwaste,0.14488636363636362
policy,T6898,HOB_natgas,0.1974757281553398
policy,T6898,HP_ambient,0.006074157303370787
policy,T6898,HP_industry,0.005275862068965518
policy,T6898,HR_S-near,0.0049794289223211545
policy,T6898,HR_S-far,0.0049794289223211545
policy,T6898,HR_M-near,0.004443287671232876
policy,T6898,HR_M-far,0.004443287671232876
policy,T6898,HR_L-near,0.0040153503342411495
policy,T6898,HR_L-far,0.0040153503342411495
policy,T7018,CHP_coal,0.5880362264150943
policy,T7018,CHP_muniwaste,0.19480901077375123
policy,T7018,CHP_natgas,0.5510247349823321
policy,T7018,HOB_elec,0.0112979797979798
policy,T7018,HOB_gasoil,0.2589902912621359
policy,T7018,HOB_muniwaste,0.14488636363636362
policy,T7018,HOB_natgas,0.1974757281553398
policy,T7018,HP_ambient,0.004463288108539506
policy,T7018,HP_industry,0.003638581652569942
policy,T7018,HR_S-near,0.003434141848326681
policy,T7018,HR_S-far,0.003434141848326681
policy,T7018,HR_M-near,0.0030643835616438356
policy,T7018,HR_M-far,0.0030643835616438356
policy,T7018,HR_L-near,0.0027692498143104733
policy,T7018,HR_L-far,0.0027692498143104733
policy,T7138,CHP_coal,0.5880362264150943
policy,T7138,CHP_muniwaste,0.19480901077375123
policy,T7138,CHP_natgas,0.5510247349823321
policy,T7138,HOB_elec,0.03577777777777778
policy,T7138,HOB_gasoil,0.2589902912621359
policy,T7138,HOB_muniwaste,0.14488636363636362
policy,T7138,HOB_natgas,0.1974757281553398
policy,T7138,HP_ambient,0.013310785419015408
policy,T7138,HP_industry,0.011522446324007809
policy,T7138,HR_S-near,0.010875038378876267
policy,T7138,HR_S-far,0.010875038378876267
policy,T7138,HR_M-near,0.009704109589041096
policy,T7138,HR_M-far,0.009704109589041096
policy,T7138,HR_L-near,0.008769497400346622
policy,T7138,HR_L-far,0.008769497400346622
policy,T7258,CHP_coal,0.5880362264150943
policy,T7258,CHP_muniwaste,0.19480901077375123
policy,T7258,CHP_natgas,0.5510247349823321
policy,T7258,HOB_elec,0.024335353535353536
policy,T7258,HOB_gasoil,0.2589902912621359
policy,T7258,HOB_muniwaste,0.14488636363636362
policy,T7258,HOB_natgas,0.1974757281553398
policy,T7258,HP_ambient,0.008841100917431191
policy,T7258,HP_industry,0.007911986863711001
policy,T7258,HR_S-near,0.007472704714640198
policy,T7258,HR_S-far,0.007472704714640198
policy,T7258,HR_M-near,0.006668142817603099
policy,T7258,HR_M-far,0.006668142817603099
policy,T7258,HR_L-near,0.00602601300650325
policy,T7258,HR_L-far,0.00602601300650325
policy,T7378,CHP_coal,0.5880362264150943
policy,T7378,CHP_muniwaste,0.19480901077375123
policy,T7378,CHP_natgas,0.5510247349823321
policy,T7378,HOB_elec,0.026247474747474752
policy,T7378,HOB_gasoil,0.2589902912621359
policy,T7378,HOB_muniwaste,0.14488636363636362
policy,T7378,HOB_natgas,0.1974757281553398
policy,T7378,HP_ambient,0.010063903950426027
policy,T7378,HP_industry,0.008621433311214333
policy,T7378,HR_S-near,0.008145768025078371
policy,T7378,HR_S-far,0.008145768025078371
policy,T7378,HR_M-near,0.007270565193060996
policy,T7378,HR_M-far,0.007270565193060996
policy,T7378,HR_L-near,0.006568503538928211
policy,T7378,HR_L-far,0.006568503538928211
policy,T7498,CHP_coal,0.5880362264150943
policy,T7498,CHP_muniwaste,0.19480901077375123
policy,T7498,CHP_natgas,0.5510247349823321
policy,T7498,HOB_elec,0.01722929292929293
policy,T7498,HOB_gasoil,0.2589902912621359
policy,T7498,HOB_muniwaste,0.14488636363636362
policy,T7498,HOB_natgas,0.1974757281553398
policy,T7498,HP_ambient,0.006573025048169556
policy,T7498,HP_industry,0.005712324179504353
policy,T7498,HR_S-near,0.005401203293223559
policy,T7498,HR_S-far,0.005401203293223559
policy,T7498,HR_M-near,0.004819723085617405
policy,T7498,HR_M-far,0.004819723085617405
policy,T7498,HR_L-near,0.004354608118458003
policy,T7498,HR_L-far,0.004354608118458003
policy,T7618,CHP_coal,0.5880362264150943
policy,T7618,CHP_muniwaste,0.19480901077375123
policy,T7618,CHP_natgas,0.5510247349823321
policy,T7618,HOB_elec,0.02116969696969697
policy,T7618,HOB_gasoil,0.2589902912621359
policy,T7618,HOB_muniwaste,0.14488636363636362
policy,T7618,HOB_natgas,0.1974757281553398
policy,T7618,HP_ambient,0.00847130153597413
policy,T7618,HP_industry,0.007018754186202277
policy,T7618,HR_S-near,0.0066364787840405325
policy,T7618,HR_S-far,0.0066364787840405325
policy,T7618,HR_M-near,0.005922011867759254
policy,T7618,HR_M-far,0.005922011867759254
policy,T7618,HR_L-near,0.005350523359714067
policy,T7618,HR_L-far,0.005350523359714067
policy,T7738,CHP_coal,0.5880362264150943
policy,T7738,CHP_muniwaste,0.19480901077375123
policy,T7738,CHP_natgas,0.5510247349823321
policy,T7738,HOB_elec,0.04525050505050505
policy,T7738,HOB_gasoil,0.2589902912621359
policy,T7738,HOB_muniwaste,0.14488636363636362
policy,T7738,HOB_natgas,0.1974757281553398
policy,T7738,HP_ambient,0.018299836601307188
policy,T7738,HP_industry,0.015002679169457465
policy,T7738,HR_S-near,0.01418556048131729
policy,T7738,HR_S-far,0.01418556048131729
policy,T7738,HR_M-near,0.012658378072901948
policy,T7738,HR_M-far,0.012658378072901948
policy,T7738,HR_L-near,0.01143681388817973
policy,T7738,HR_L-far,0.01143681388817973
policy,T7858,CHP_coal,0.5880362264150943
policy,T7858,CHP_muniwaste,0.19480901077375123
policy,T7858,CHP_natgas,0.5510247349823321
policy,T7858,HOB_elec,0.030063636363636365
policy,T7858,HOB_gasoil,0.2589902912621359
policy,T7858,HOB_muniwaste,0.14488636363636362
policy,T7858,HOB_natgas,0.1974757281553398
policy,T7858,HP_ambient,0.01245835077438259
policy,T7858,HP_industry,0.010058465697870902
policy,T7858,HR_S-near,0.009515025575447571
policy,T7858,HR_S-far,0.009515025575447571
policy,T7858,HR_M-near,0.008491583452211128
policy,T7858,HR_M-far,0.008491583452211128
policy,T7858,HR_L-near,0.007672853828306264
policy,T7858,HR_L-far,0.007672853828306264
policy,T7978,CHP_coal,0.5880362264150943
policy,T7978,CHP_muniwaste,0.19480901077375123
policy,T7978,CHP_natgas,0.5510247349823321
policy,T7978,HOB_elec,0.2261949494949495
policy,T7978,HOB_gasoil,0.2589902912621359
policy,T7978,HOB_muniwaste,0.14488636363636362
policy,T7978,HOB_natgas,0.1974757281553398
policy,T7978,HP_ambient,0.10381687528975428
policy,T7978,HP_industry,0.07640156943022859
policy,T7978,HR_S-near,0.07235315024232633
policy,T7978,HR_S-far,0.07235315024232633
policy,T7978,HR_M-near,0.06455260882098587
policy,T7978,HR_M-far,0.06455260882098587
policy,T7978,HR_L-near,0.05831588541666667
policy,T7978,HR_L-far,0.05831588541666667
policy,T8098,CHP_coal,0.5880362264150943
policy,T8098,CHP_muniwaste,0.19480901077375123
policy,T8098,CHP_natgas,0.5510247349823321
policy,T8098,HOB_elec,0.21430909090909092
policy,T8098,HOB_gasoil,0.2589902912621359
policy,T8098,HOB_muniwaste,0.14488636363636362
policy,T8098,HOB_natgas,0.1974757281553398
policy,T8098,HP_ambient,0.0940869179600887
policy,T8098,HP_industry,0.0730599173553719
policy,T8098,HR_S-near,0.06919960861056752
policy,T8098,HR_S-far,0.06919960861056752
policy,T8098,HR_M-near,0.06174796274738068
policy,T8098,HR_M-far,0.06174796274738068
policy,T8098,HR_L-near,0.055774447949526816
policy,T8098,HR_L-far,0.055774447949526816
policy,T8218,CHP_coal,0.5880362264150943
policy,T8218,CHP_muniwaste,0.19480901077375123
policy,T8218,CHP_natgas,0.5510247349823321
policy,T8218,HOB_elec,0.06880909090909092
policy,T8218,HOB_gasoil,0.2589902912621359
policy,T8218,HOB_muniwaste,0.14488636363636362
policy,T8218,HOB_natgas,0.1974757281553398
policy,T8218,HP_ambient,0.029579244463742948
policy,T8218,HP_industry,0.023457644628099177
policy,T8218,HR_S-near,0.02221819960861057
policy,T8218,HR_S-far,0.02221819960861057
policy,T8218,HR_M-near,0.019825669383003494
policy,T8218,HR_M-far,0.019825669383003494
policy,T8218,HR_L-near,0.017907728706624607
policy,T8218,HR_L-far,0.017907728706624607
policy,T8338,CHP_coal,0.5880362264150943
policy,T8338,CHP_muniwaste,0.19480901077375123
policy,T8338,CHP_natgas,0.5510247349823321
policy,T8338,HOB_elec,0.17904949494949496
policy,T8338,HOB_gasoil,0.2589902912621359
policy,T8338,HOB_muniwaste,0.14488636363636362
policy,T8338,HOB_natgas,0.1974757281553398
policy,T8338,HP_ambient,0.07984639639639639
policy,T8338,HP_industry,0.0610396005509642
policy,T8338,HR_S-near,0.057814416177429884
policy,T8338,HR_S-far,0.057814416177429884
policy,T8338,HR_M-near,0.05158876600698487
policy,T8338,HR_M-far,0.05158876600698487
policy,T8338,HR_L-near,0.04659805467928497
policy,T8338,HR_L-far,0.04659805467928497
policy,T8458,CHP_coal,0.5880362264150943
policy,T8458,CHP_muniwaste,0.19480901077375123
policy,T8458,CHP_natgas,0.5510247349823321
policy,T8458,HOB_elec,0.015567676767676768
policy,T8458,HOB_gasoil,0.2589902912621359
policy,T8458,HOB_muniwaste,0.14488636363636362
policy,T8458,HOB_natgas,0.1974757281553398
policy,T8458,HP_ambient,0.006239676113360324
policy,T8458,HP_industry,0.005353247655435915
policy,T8458,HR_S-near,0.005073074391046741
policy,T8458,HR_S-far,0.005073074391046741
policy,T8458,HR_M-near,0.004527614571092832
policy,T8458,HR_M-far,0.004527614571092832
policy,T8458,HR_L-near,0.004090233545647559
policy,T8458,HR_L-far,0.004090233545647559
policy,T8578,CHP_coal,0.5880362264150943
policy,T8578,CHP_muniwaste,0.19480901077375123
policy,T8578,CHP_natgas,0.5510247349823321
policy,T8578,HOB_elec,0.04756868686868687
policy,T8578,HOB_gasoil,0.2589902912621359
policy,T8578,HOB_muniwaste,0.14488636363636362
policy,T8578,HOB_natgas,0.1974757281553398
policy,T8578,HP_ambient,0.020791611479028697
policy,T8578,HP_industry,0.016357415769364364
policy,T8578,HR_S-near,0.015501316655694538
policy,T8578,HR_S-far,0.015501316655694538
policy,T8578,HR_M-near,0.013834606345475911
policy,T8578,HR_M-far,0.013834606345475911
policy,T8578,HR_L-near,0.012498142250530786
policy,T8578,HR_L-far,0.012498142250530786
policy,T8698,CHP_coal,0.5880362264150943
policy,T8698,CHP_muniwaste,0.19480901077375123
policy,T8698,CHP_natgas,0.5510247349823321
policy,T8698,HOB_elec,0.03972323232323233
policy,T8698,HOB_gasoil,0.2589902912621359
policy,T8698,HOB_muniwaste,0.14488636363636362
policy,T8698,HOB_natgas,0.1974757281553398
policy,T8698,HP_ambient,0.016170230263157895
policy,T8698,HP_industry,0.013788920056100981
policy,T8698,HR_S-near,0.01307815098104423
policy,T8698,HR_S-far,0.01307815098104423
policy,T8698,HR_M-near,0.011665974488282408
policy,T8698,HR_M-far,0.011665974488282408
policy,T8698,HR_L-near,0.010540337711069417
policy,T8698,HR_L-far,0.010540337711069417
