T0001,9552
T0002,9621
T0003,9614
T0004,9826
T0005,9795
T0006,9490
T0007,9534
T0008,9826
T0009,9907
T0010,9969
T0011,9851
T0012,9950
T0013,9988
T0014,10037
T0015,10168
T0016,10162
T0017,10261
T0018,10218
T0019,10236
T0020,10162
T0021,10124
T0022,10199
T0023,9975
T0024,9795
T0025,9820
T0026,9789
T0027,9826
T0028,10043
T0029,10572
T0030,11026
T0031,11188
T0032,11300
T0033,11256
T0034,11157
T0035,11281
T0036,11368
T0037,11318
T0038,11262
T0039,11399
T0040,11331
T0041,11213
T0042,10983
T0043,10802
T0044,10665
T0045,10752
T0046,10560
T0047,10099
T0048,9565
T0049,9403
T0050,9397
T0051,9241
T0052,9409
T0053,9701
T0054,10099
T0055,10473
T0056,10454
T0057,10404
T0058,10131
T0059,10124
T0060,9894
T0061,9838
T0062,10112
T0063,10006
T0064,10019
T0065,10211
T0066,10417
T0067,10386
T0068,9969
T0069,9882
T0070,9701
T0071,9515
T0072,9310
T0073,9191
T0074,9005
T0075,8899
T0076,9017
T0077,9633
T0078,9726
T0079,9739
T0080,10752
T0081,11443
T0082,11387
T0083,10647
T0084,10180
T0085,10099
T0086,9969
T0087,10068
T0088,10460
T0089,10553
T0090,10603
T0091,10616
T0092,10466
T0093,10361
T0094,10218
T0095,10249
T0096,10342
T0097,10560
T0098,10659
T0099,10585
T0100,10653
T0101,10945
T0102,11157
T0103,11293
T0104,11437
T0105,11281
T0106,11244
T0107,10759
T0108,10547
T0109,10429
T0110,10547
T0111,10522
T0112,10715
T0113,10709
T0114,10603
T0115,10386
T0116,10043
T0117,9813
T0118,9565
T0119,9310
T0120,9117
T0121,9061
T0122,8949
T0123,8943
T0124,9129
T0125,9440
T0126,10000
T0127,10354
T0128,10298
T0129,10050
T0130,10025
T0131,9876
T0132,9652
T0133,9496
T0134,9577
T0135,9571
T0136,9627
T0137,9633
T0138,9614
T0139,9639
T0140,9534
T0141,9390
T0142,9154
T0143,8949
T0144,8843
T0145,8700
T0146,8632
T0147,8688
T0148,9017
T0149,9577
T0150,10292
T0151,10572
T0152,10572
T0153,10448
T0154,10267
T0155,10050
T0156,9577
T0157,9303
T0158,9117
T0159,9111
T0160,9241
T0161,9378
T0162,9670
T0163,9963
T0164,9795
T0165,9521
T0166,9017
T0167,8601
T0168,8358
T0169,8333
T0170,8346
T0171,8352
T0172,8563
T0173,9086
T0174,9446
T0175,9627
T0176,9621
T0177,9303
T0178,8905
T0179,8725
T0180,8557
T0181,8371
T0182,8346
T0183,8570
T0184,9005
T0185,9042
T0186,9191
T0187,9335
T0188,9478
T0189,9540
T0190,9235
T0191,8825
T0192,8781
T0193,8899
T0194,8887
T0195,9073
T0196,9422
T0197,9708
T0198,10155
T0199,10361
T0200,10323
T0201,10149
T0202,9739
T0203,9645
T0204,9801
T0205,9938
T0206,9869
T0207,9639
T0208,9272
T0209,8893
T0210,8719
T0211,8414
T0212,8259
T0213,8128
T0214,7842
T0215,7606
T0216,7469
T0217,7612
T0218,7848
T0219,7960
T0220,8178
T0221,8563
T0222,9154
T0223,9384
T0224,9297
T0225,9154
T0226,8980
T0227,8918
T0228,8912
T0229,8912
T0230,9067
T0231,9160
T0232,9645
T0233,9838
T0234,9558
T0235,9260
T0236,8955
T0237,8762
T0238,8719
T0239,8576
T0240,8383
T0241,8371
T0242,8296
T0243,8284
T0244,8371
T0245,8601
T0246,8837
T0247,9142
T0248,9390
T0249,9994
T0250,10025
T0251,9994
T0252,9857
T0253,9459
T0254,9608
T0255,9764
T0256,9789
T0257,9739
T0258,9546
T0259,9446
T0260,9260
T0261,9042
T0262,8756
T0263,8582
T0264,8420
T0265,8402
T0266,8203
T0267,8240
T0268,8377
T0269,8563
T0270,8694
T0271,8781
T0272,8980
T0273,9216
T0274,9322
T0275,9478
T0276,9459
T0277,9440
T0278,9484
T0279,9490
T0280,9521
T0281,9633
T0282,9863
T0283,9832
T0284,9471
T0285,9148
T0286,8781
T0287,8445
T0288,8277
T0289,8215
T0290,8203
T0291,8545
T0292,8893
T0293,8992
T0294,9720
T0295,10249
T0296,10572
T0297,10466
T0298,10143
T0299,9614
T0300,9453
T0301,9521
T0302,9552
T0303,9428
T0304,9596
T0305,9726
T0306,9994
T0307,9782
T0308,9471
T0309,9341
T0310,9098
T0311,8868
T0312,8638
T0313,8663
T0314,8619
T0315,8638
T0316,8918
T0317,9390
T0318,9876
T0319,10118
T0320,10124
T0321,9944
T0322,9838
T0323,9465
T0324,9154
T0325,8868
T0326,8626
T0327,8532
T0328,9670
T0329,8588
T0330,8968
T0331,9726
T0332,9272
T0333,8613
T0334,8234
T0335,7941
T0336,7270
T0337,7177
T0338,7145
T0339,6953
T0340,7077
T0341,7581
T0342,8377
T0343,8520
T0344,8433
T0345,8103
T0346,7954
T0347,7830
T0348,7680
T0349,7680
T0350,7687
T0351,7954
T0352,7879
T0353,7830
T0354,8097
T0355,8451
T0356,8252
T0357,9117
T0358,8887
T0359,8650
T0360,8296
T0361,8284
T0362,8153
T0363,8128
T0364,8514
T0365,8992
T0366,9558
T0367,9894
T0368,9764
T0369,9260
T0370,9005
T0371,8669
T0372,8414
T0373,8371
T0374,8669
T0375,9005
T0376,9266
T0377,9583
T0378,9714
T0379,9397
T0380,9409
T0381,9403
T0382,9173
T0383,8831
T0384,8470
T0385,8402
T0386,8470
T0387,8427
T0388,8682
T0389,9241
T0390,9838
T0391,10193
T0392,10174
T0393,9913
T0394,9185
T0395,8669
T0396,9067
T0397,8619
T0398,8526
T0399,8937
T0400,9247
T0401,9403
T0402,9353
T0403,9223
T0404,9055
T0405,8700
T0406,8277
T0407,8010
T0408,7836
T0409,7798
T0410,7556
T0411,7512
T0412,7718
T0413,8184
T0414,8706
T0415,8694
T0416,8905
T0417,9328
T0418,9558
T0419,9484
T0420,9465
T0421,9297
T0422,9241
T0423,9285
T0424,9303
T0425,9515
T0426,9496
T0427,9353
T0428,9272
T0429,9347
T0430,9185
T0431,9024
T0432,8905
T0433,9086
T0434,9042
T0435,8992
T0436,9185
T0437,9397
T0438,9266
T0439,9353
T0440,9652
T0441,10193
T0442,9826
T0443,9272
T0444,9055
T0445,8682
T0446,8713
T0447,9086
T0448,9757
T0449,10218
T0450,10348
T0451,10497
T0452,10504
T0453,10205
T0454,10124
T0455,9932
T0456,9795
T0457,9776
T0458,9652
T0459,9397
T0460,9254
T0461,9583
T0462,10267
T0463,10659
T0464,10759
T0465,10441
T0466,10205
T0467,9813
T0468,9565
T0469,9409
T0470,9434
T0471,9546
T0472,9552
T0473,9490
T0474,9390
T0475,9403
T0476,9254
T0477,9111
T0478,8881
T0479,8588
T0480,8420
T0481,8408
T0482,8408
T0483,8563
T0484,8750
T0485,9154
T0486,9813
T0487,10249
T0488,9969
T0489,9714
T0490,9347
T0491,9129
T0492,9291
T0493,9372
T0494,9372
T0495,9285
T0496,9198
T0497,9465
T0498,9316
T0499,9297
T0500,9279
T0501,9229
T0502,8924
T0503,8601
T0504,8327
T0505,8408
T0506,8576
T0507,8619
T0508,8775
T0509,9223
T0510,9789
T0511,10168
T0512,10180
T0513,9994
T0514,9583
T0515,9055
T0516,8638
T0517,8420
T0518,8563
T0519,8912
T0520,9540
T0521,9944
T0522,10155
T0523,10367
T0524,10342
T0525,10193
T0526,9932
T0527,9776
T0528,9708
T0529,9683
T0530,9701
T0531,9683
T0532,9913
T0533,9975
T0534,10056
T0535,10466
T0536,10448
T0537,10155
T0538,9894
T0539,9751
T0540,9907
T0541,9751
T0542,9720
T0543,9894
T0544,9869
T0545,9633
T0546,9583
T0547,9645
T0548,9471
T0549,9235
T0550,8868
T0551,8514
T0552,8290
T0553,8209
T0554,8252
T0555,8234
T0556,8476
T0557,8881
T0558,9453
T0559,9782
T0560,9876
T0561,9683
T0562,9608
T0563,9266
T0564,8999
T0565,8943
T0566,9005
T0567,9210
T0568,9372
T0569,9198
T0570,9061
T0571,8949
T0572,8725
T0573,8626
T0574,8439
T0575,8221
T0576,7973
T0577,8053
T0578,8333
T0579,8414
T0580,8632
T0581,8887
T0582,9179
T0583,9322
T0584,9341
T0585,9415
T0586,9136
T0587,8943
T0588,8812
T0589,8669
T0590,8619
T0591,8738
T0592,8893
T0593,8924
T0594,8831
T0595,8843
T0596,8849
T0597,8694
T0598,8563
T0599,8383
T0600,8308
T0601,8451
T0602,8408
T0603,8184
T0604,8433
T0605,8738
T0606,8949
T0607,9235
T0608,9266
T0609,9521
T0610,9639
T0611,9789
T0612,9658
T0613,9589
T0614,9471
T0615,9571
T0616,9900
T0617,10230
T0618,10230
T0619,10093
T0620,9820
T0621,9527
T0622,9335
T0623,9148
T0624,8943
T0625,9042
T0626,8943
T0627,8868
T0628,8999
T0629,9390
T0630,10031
T0631,10386
T0632,10659
T0633,10460
T0634,10261
T0635,10099
T0636,10037
T0637,9857
T0638,9478
T0639,9440
T0640,9303
T0641,9316
T0642,9297
T0643,9359
T0644,9160
T0645,9055
T0646,8663
T0647,8358
T0648,8165
T0649,8109
T0650,8122
T0651,8178
T0652,8445
T0653,8887
T0654,9558
T0655,9938
T0656,9776
T0657,9639
T0658,9627
T0659,9677
T0660,9409
T0661,8924
T0662,8924
T0663,8532
T0664,9571
T0665,9378
T0666,9353
T0667,9490
T0668,9279
T0669,9055
T0670,8812
T0671,8868
T0672,8663
T0673,8427
T0674,8377
T0675,8663
T0676,9322
T0677,9851
T0678,10628
T0679,11107
T0680,10796
T0681,10292
T0682,9527
T0683,9179
T0684,9061
T0685,9434
T0686,9589
T0687,9397
T0688,9583
T0689,9720
T0690,9602
T0691,9857
T0692,9490
T0693,9291
T0694,9104
T0695,8999
T0696,8731
T0697,8731
T0698,8719
T0699,8675
T0700,9223
T0701,9876
T0702,10056
T0703,9888
T0704,9496
T0705,9223
T0706,9086
T0707,8557
T0708,8663
T0709,8787
T0710,8688
T0711,8725
T0712,8849
T0713,8837
T0714,8930
T0715,9011
T0716,8937
T0717,8874
T0718,8607
T0719,8439
T0720,8122
T0721,7842
T0722,7456
T0723,7419
T0724,7730
T0725,8408
T0726,8868
T0727,9036
T0728,9285
T0729,9223
T0730,9092
T0731,8849
T0732,8694
T0733,8663
T0734,8719
T0735,9017
T0736,8980
T0737,8992
T0738,8856
T0739,8769
T0740,8383
T0741,8035
T0742,7742
T0743,7394
T0744,7214
T0745,7226
T0746,7127
T0747,7139
T0748,7208
T0749,7363
T0750,7475
T0751,7537
T0752,7736
T0753,7923
T0754,7948
T0755,8035
T0756,8035
T0757,7861
T0758,7805
T0759,7941
T0760,8109
T0761,8109
T0762,8147
T0763,8147
T0764,8290
T0765,8072
T0766,7817
T0767,7854
T0768,7730
T0769,7774
T0770,8296
T0771,8514
T0772,8501
T0773,8532
T0774,8744
T0775,9098
T0776,9316
T0777,9210
T0778,8943
T0779,8756
T0780,8632
T0781,8818
T0782,8862
T0783,9136
T0784,9241
T0785,9359
T0786,9658
T0787,10037
T0788,9950
T0789,9658
T0790,9658
T0791,9552
T0792,9272
T0793,9167
T0794,8937
T0795,9030
T0796,9123
T0797,9670
T0798,10330
T0799,10696
T0800,10491
T0801,10131
T0802,9596
T0803,9067
T0804,8893
T0805,9005
T0806,9335
T0807,9496
T0808,9390
T0809,9335
T0810,9272
T0811,9191
T0812,9260
T0813,9247
T0814,8887
T0815,8594
T0816,8576
T0817,8495
T0818,8570
T0819,8682
T0820,8999
T0821,9552
T0822,10124
T0823,10815
T0824,10647
T0825,10124
T0826,9739
T0827,9857
T0828,10746
T0829,10305
T0830,10441
T0831,10529
T0832,10541
T0833,10578
T0834,10429
T0835,10261
T0836,10224
T0837,10435
T0838,10093
T0839,9764
T0840,9645
T0841,9745
T0842,10112
T0843,10597
T0844,10846
T0845,11374
T0846,12015
T0847,12624
T0848,12463
T0849,11231
T0850,10118
T0851,9577
T0852,9490
T0853,9328
T0854,9024
T0855,9944
T0856,9975
T0857,10187
T0858,10087
T0859,10037
T0860,9683
T0861,9633
T0862,9378
T0863,9011
T0864,8756
T0865,8719
T0866,8650
T0867,8464
T0868,8961
T0869,9627
T0870,10224
T0871,10249
T0872,10093
T0873,9689
T0874,9272
T0875,9024
T0876,8868
T0877,8769
T0878,8563
T0879,8476
T0880,8899
T0881,9272
T0882,9502
T0883,9639
T0884,9453
T0885,9191
T0886,8943
T0887,8750
T0888,8570
T0889,8551
T0890,8470
T0891,8607
T0892,8812
T0893,9266
T0894,9913
T0895,10342
T0896,10373
T0897,10211
T0898,10043
T0899,9963
T0900,9907
T0901,9876
T0902,9801
T0903,9795
T0904,9789
T0905,9708
T0906,9621
T0907,9614
T0908,9434
T0909,9235
T0910,9005
T0911,8825
T0912,8700
T0913,8706
T0914,8594
T0915,8514
T0916,8613
T0917,8843
T0918,9067
T0919,9596
T0920,9981
T0921,9621
T0922,9521
T0923,9303
T0924,8980
T0925,8806
T0926,8918
T0927,9011
T0928,9235
T0929,9322
T0930,9067
T0931,8843
T0932,8849
T0933,8775
T0934,8315
T0935,8097
T0936,7830
T0937,7948
T0938,7991
T0939,8078
T0940,8060
T0941,8140
T0942,8433
T0943,8570
T0944,8881
T0945,8918
T0946,8918
T0947,8999
T0948,9061
T0949,8899
T0950,9048
T0951,9204
T0952,8563
T0953,8296
T0954,8209
T0955,8713
T0956,8682
T0957,8358
T0958,7861
T0959,7848
T0960,7792
T0961,7606
T0962,7326
T0963,7550
T0964,8066
T0965,8458
T0966,8899
T0967,9223
T0968,10031
T0969,9589
T0970,8893
T0971,8414
T0972,8433
T0973,9104
T0974,9198
T0975,9440
T0976,9844
T0977,9689
T0978,9770
T0979,9683
T0980,9795
T0981,9664
T0982,9546
T0983,9036
T0984,9434
T0985,9347
T0986,9173
T0987,9266
T0988,9621
T0989,9795
T0990,10379
T0991,10908
T0992,10703
T0993,10553
T0994,10429
T0995,9720
T0996,9415
T0997,8582
T0998,9652
T0999,10336
T1000,10361
T1001,10373
T1002,10267
T1003,10124
T1004,9857
T1005,10099
T1006,9789
T1007,9434
T1008,9459
T1009,9509
T1010,9366
T1011,9589
T1012,9789
T1013,10043
T1014,10497
T1015,10790
T1016,10709
T1017,10398
T1018,10529
T1019,10404
T1020,10174
T1021,10298
T1022,10155
T1023,10019
T1024,10187
T1025,10305
T1026,10417
T1027,10404
T1028,10199
T1029,10062
T1030,9857
T1031,9490
T1032,9372
T1033,9359
T1034,9210
T1035,9241
T1036,9670
T1037,10379
T1038,10759
T1039,11424
T1040,11474
T1041,10640
T1042,9851
T1043,9235
T1044,8980
T1045,8924
T1046,8868
T1047,9583
T1048,10099
T1049,10429
T1050,10236
T1051,9876
T1052,9614
T1053,9558
T1054,9359
T1055,9117
T1056,8999
T1057,8986
T1058,8899
T1059,8980
T1060,9272
T1061,9733
T1062,10168
T1063,10398
T1064,10634
T1065,9988
T1066,9328
T1067,8806
T1068,8601
T1069,8619
T1070,8756
T1071,8800
T1072,9272
T1073,9844
T1074,9981
T1075,9764
T1076,9434
T1077,9465
T1078,9546
T1079,9191
T1080,8706
T1081,8588
T1082,8588
T1083,8582
T1084,8700
T1085,8849
T1086,8980
T1087,9285
T1088,9478
T1089,9471
T1090,9459
T1091,9415
T1092,9117
T1093,9223
T1094,9328
T1095,9067
T1096,9279
T1097,9279
T1098,9067
T1099,8874
T1100,8725
T1101,8557
T1102,8364
T1103,8165
T1104,8041
T1105,8116
T1106,8159
T1107,7693
T1108,7382
T1109,7575
T1110,7842
T1111,7935
T1112,8265
T1113,8252
T1114,8140
T1115,7904
T1116,8190
T1117,8221
T1118,7985
T1119,7830
T1120,7854
T1121,8016
T1122,8800
T1123,8626
T1124,8501
T1125,8476
T1126,8451
T1127,8172
T1128,7886
T1129,7830
T1130,7792
T1131,8116
T1132,8433
T1133,8825
T1134,9335
T1135,9894
T1136,9733
T1137,9303
T1138,9024
T1139,9117
T1140,8899
T1141,8190
T1142,8333
T1143,8632
T1144,9515
T1145,9254
T1146,9148
T1147,9160
T1148,9055
T1149,9017
T1150,8619
T1151,8483
T1152,8327
T1153,8184
T1154,8029
T1155,7973
T1156,8234
T1157,8694
T1158,9254
T1159,9988
T1160,9882
T1161,8725
T1162,9117
T1163,9086
T1164,9266
T1165,9745
T1166,9086
T1167,8700
T1168,9154
T1169,9633
T1170,9733
T1171,9813
T1172,9726
T1173,9403
T1174,8968
T1175,8501
T1176,8340
T1177,8358
T1178,8420
T1179,8557
T1180,8607
T1181,9042
T1182,9652
T1183,10572
T1184,10485
T1185,10323
T1186,10522
T1187,9621
T1188,9353
T1189,8750
T1190,9534
T1191,9123
T1192,9229
T1193,9801
T1194,10037
T1195,10137
T1196,10081
T1197,9602
T1198,9017
T1199,8694
T1200,8501
T1201,8545
T1202,8607
T1203,8818
T1204,9353
T1205,10093
T1206,10510
T1207,10696
T1208,10373
T1209,10354
T1210,10404
T1211,10373
T1212,10187
T1213,10236
T1214,10068
T1215,9894
T1216,9701
T1217,9527
T1218,9428
T1219,9440
T1220,9316
T1221,9129
T1222,8949
T1223,8657
T1224,8408
T1225,9104
T1226,9297
T1227,9048
T1228,9409
T1229,9919
T1230,10529
T1231,10958
T1232,10734
T1233,9832
T1234,9005
T1235,8688
T1236,8495
T1237,8315
T1238,8507
T1239,8719
T1240,9167
T1241,9565
T1242,9490
T1243,9403
T1244,9179
T1245,8856
T1246,8781
T1247,8526
T1248,8284
T1249,8209
T1250,8221
T1251,8147
T1252,8296
T1253,8489
T1254,8694
T1255,8806
T1256,8930
T1257,9154
T1258,9024
T1259,9409
T1260,9403
T1261,9502
T1262,8980
T1263,8563
T1264,10280
T1265,10317
T1266,9515
T1267,9297
T1268,9179
T1269,9670
T1270,9720
T1271,8893
T1272,8868
T1273,9160
T1274,9247
T1275,9098
T1276,9390
T1277,9465
T1278,9664
T1279,9745
T1280,9733
T1281,9571
T1282,9521
T1283,9328
T1284,9111
T1285,9670
T1286,9944
T1287,10012
T1288,9988
T1289,10137
T1290,10075
T1291,10379
T1292,10280
T1293,9975
T1294,9652
T1295,9154
T1296,8831
T1297,8961
T1298,8843
T1299,8899
T1300,9303
T1301,10019
T1302,10945
T1303,11349
T1304,11001
T1305,10031
T1306,9608
T1307,9409
T1308,9310
T1309,9123
T1310,8918
T1311,10106
T1312,9844
T1313,9981
T1314,10056
T1315,9869
T1316,9602
T1317,9925
T1318,9689
T1319,9303
T1320,9198
T1321,9235
T1322,9241
T1323,8955
T1324,8806
T1325,9048
T1326,9764
T1327,10448
T1328,10205
T1329,9602
T1330,9111
T1331,8986
T1332,8999
T1333,8999
T1334,9223
T1335,8526
T1336,9565
T1337,10137
T1338,10460
T1339,11163
T1340,10927
T1341,10541
T1342,10224
T1343,9770
T1344,9565
T1345,9565
T1346,9764
T1347,10012
T1348,10174
T1349,10628
T1350,11175
T1351,11437
T1352,11262
T1353,11020
T1354,10777
T1355,10622
T1356,10454
T1357,10522
T1358,10640
T1359,10771
T1360,11138
T1361,11231
T1362,11119
T1363,10976
T1364,10864
T1365,10597
T1366,10323
T1367,9988
T1368,9832
T1369,9988
T1370,10162
T1371,10174
T1372,10541
T1373,11163
T1374,12002
T1375,12487
T1376,11791
T1377,10771
T1378,10193
T1379,9695
T1380,9757
T1381,9683
T1382,9776
T1383,10068
T1384,10423
T1385,10591
T1386,10889
T1387,10665
T1388,10417
T1389,10454
T1390,10535
T1391,10379
T1392,10143
T1393,10037
T1394,9925
T1395,9907
T1396,10199
T1397,10448
T1398,11405
T1399,11729
T1400,11343
T1401,10989
T1402,10553
T1403,10043
T1404,9782
T1405,9372
T1406,8905
T1407,9266
T1408,9509
T1409,9981
T1410,10379
T1411,10336
T1412,10168
T1413,9963
T1414,9633
T1415,9347
T1416,9117
T1417,8986
T1418,8937
T1419,8937
T1420,9117
T1421,9434
T1422,9857
T1423,10056
T1424,10236
T1425,10441
T1426,10535
T1427,10622
T1428,10367
T1429,10280
T1430,9956
T1431,9608
T1432,9459
T1433,9534
T1434,9478
T1435,9216
T1436,9011
T1437,8806
T1438,8793
T1439,8930
T1440,9024
T1441,9241
T1442,9173
T1443,8961
T1444,9098
T1445,9216
T1446,9160
T1447,9341
T1448,9602
T1449,9546
T1450,9670
T1451,9160
T1452,9080
T1453,9366
T1454,9297
T1455,9086
T1456,9583
T1457,9882
T1458,10106
T1459,10099
T1460,10056
T1461,9782
T1462,9757
T1463,9471
T1464,9254
T1465,9285
T1466,9191
T1467,9291
T1468,9254
T1469,9546
T1470,10124
T1471,10659
T1472,10286
T1473,9795
T1474,9285
T1475,8738
T1476,8072
T1477,7873
T1478,7954
T1479,8022
T1480,8937
T1481,9254
T1482,9857
T1483,9863
T1484,9708
T1485,9359
T1486,9017
T1487,8682
T1488,8402
T1489,8458
T1490,8588
T1491,8893
T1492,9235
T1493,9577
T1494,10124
T1495,10709
T1496,10560
T1497,10137
T1498,9876
T1499,9695
T1500,9645
T1501,9689
T1502,9838
T1503,9820
T1504,9701
T1505,9645
T1506,9658
T1507,9645
T1508,9397
T1509,9229
T1510,8968
T1511,8837
T1512,8675
T1513,8762
T1514,9017
T1515,9111
T1516,9229
T1517,9565
T1518,10143
T1519,10609
T1520,10510
T1521,9963
T1522,9540
T1523,8793
T1524,8551
T1525,8445
T1526,8576
T1527,8514
T1528,8924
T1529,9154
T1530,9751
T1531,9863
T1532,9701
T1533,9801
T1534,9428
T1535,9011
T1536,8812
T1537,9030
T1538,9142
T1539,9235
T1540,9378
T1541,9851
T1542,10410
T1543,10665
T1544,10168
T1545,9764
T1546,9235
T1547,8663
T1548,8377
T1549,8321
T1550,8203
T1551,8302
T1552,8582
T1553,9235
T1554,9789
T1555,9496
T1556,9378
T1557,9266
T1558,9148
T1559,9011
T1560,8713
T1561,8638
T1562,8613
T1563,8638
T1564,8961
T1565,9247
T1566,9981
T1567,10466
T1568,10466
T1569,9956
T1570,9534
T1571,9229
T1572,9073
T1573,8930
T1574,8843
T1575,8968
T1576,9229
T1577,9614
T1578,9832
T1579,9757
T1580,9608
T1581,9471
T1582,9167
T1583,8874
T1584,8632
T1585,8657
T1586,8626
T1587,8688
T1588,8887
T1589,9073
T1590,9241
T1591,9534
T1592,9782
T1593,9844
T1594,9534
T1595,9048
T1596,8495
T1597,8153
T1598,8240
T1599,8346
T1600,8246
T1601,8775
T1602,9583
T1603,9907
T1604,9876
T1605,9677
T1606,9509
T1607,9154
T1608,8831
T1609,8632
T1610,8750
T1611,8644
T1612,8663
T1613,8663
T1614,8793
T1615,8943
T1616,9148
T1617,9310
T1618,9067
T1619,8812
T1620,8514
T1621,8284
T1622,8078
T1623,8290
T1624,8402
T1625,8476
T1626,8675
T1627,8644
T1628,8545
T1629,8284
T1630,7997
T1631,7786
T1632,7923
T1633,8078
T1634,8016
T1635,7923
T1636,8240
T1637,8557
T1638,9080
T1639,9384
T1640,9179
T1641,8986
T1642,8918
T1643,8252
T1644,7755
T1645,7500
T1646,7537
T1647,7742
T1648,8097
T1649,8246
T1650,8626
T1651,8986
T1652,8650
T1653,8738
T1654,8800
T1655,8607
T1656,8507
T1657,8588
T1658,8215
T1659,7979
T1660,8221
T1661,8806
T1662,9316
T1663,9751
T1664,9695
T1665,9428
T1666,9210
T1667,9359
T1668,9235
T1669,9005
T1670,9428
T1671,9160
T1672,8731
T1673,8582
T1674,8507
T1675,8495
T1676,8346
T1677,8228
T1678,7966
T1679,7662
T1680,7488
T1681,7456
T1682,7500
T1683,7512
T1684,7898
T1685,8744
T1686,9689
T1687,10012
T1688,9260
T1689,8514
T1690,8128
T1691,7917
T1692,7606
T1693,7320
T1694,7002
T1695,6922
T1696,7083
T1697,7668
T1698,8414
T1699,8787
T1700,8706
T1701,8165
T1702,7749
T1703,7805
T1704,7649
T1705,7512
T1706,7425
T1707,7096
T1708,7233
T1709,7506
T1710,7929
T1711,8321
T1712,8228
T1713,8252
T1714,8955
T1715,8607
T1716,8458
T1717,8408
T1718,8010
T1719,8557
T1720,8184
T1721,8501
T1722,9055
T1723,9353
T1724,9247
T1725,9042
T1726,8694
T1727,8240
T1728,8296
T1729,8358
T1730,8439
T1731,8284
T1732,8321
T1733,8694
T1734,9198
T1735,9527
T1736,9465
T1737,9502
T1738,9397
T1739,9515
T1740,9328
T1741,8632
T1742,8240
T1743,9366
T1744,9608
T1745,10541
T1746,10585
T1747,10354
T1748,9950
T1749,9645
T1750,9465
T1751,9390
T1752,9378
T1753,9720
T1754,9863
T1755,10037
T1756,10205
T1757,10522
T1758,10858
T1759,10367
T1760,9403
T1761,9198
T1762,8974
T1763,8887
T1764,8775
T1765,8626
T1766,8458
T1767,8358
T1768,8632
T1769,9347
T1770,9907
T1771,10019
T1772,9683
T1773,9428
T1774,9235
T1775,9048
T1776,8793
T1777,8831
T1778,8800
T1779,8756
T1780,8843
T1781,8992
T1782,9216
T1783,8943
T1784,8694
T1785,8980
T1786,9173
T1787,9428
T1788,8937
T1789,8756
T1790,8352
T1791,8483
T1792,8501
T1793,8526
T1794,8563
T1795,8570
T1796,8445
T1797,8184
T1798,7979
T1799,7786
T1800,7649
T1801,7512
T1802,7444
T1803,7425
T1804,7599
T1805,7854
T1806,8377
T1807,8831
T1808,8719
T1809,7873
T1810,7394
T1811,7935
T1812,7960
T1813,7973
T1814,7935
T1815,7705
T1816,7749
T1817,7867
T1818,8234
T1819,8588
T1820,8520
T1821,8632
T1822,8545
T1823,7985
T1824,7631
T1825,7954
T1826,8352
T1827,8321
T1828,8265
T1829,8458
T1830,8837
T1831,8949
T1832,8918
T1833,8277
T1834,7898
T1835,7612
T1836,7096
T1837,6946
T1838,7065
T1839,7344
T1840,7388
T1841,7786
T1842,8134
T1843,8153
T1844,8016
T1845,7879
T1846,7612
T1847,7282
T1848,7034
T1849,7052
T1850,7077
T1851,7058
T1852,7145
T1853,7376
T1854,7873
T1855,8215
T1856,8252
T1857,8103
T1858,7730
T1859,7525
T1860,7836
T1861,7923
T1862,7811
T1863,7543
T1864,7556
T1865,7854
T1866,7991
T1867,8041
T1868,7966
T1869,7823
T1870,7575
T1871,7344
T1872,7189
T1873,7289
T1874,7382
T1875,7568
T1876,7917
T1877,8321
T1878,8619
T1879,8806
T1880,8445
T1881,7904
T1882,7456
T1883,7257
T1884,7077
T1885,6909
T1886,6679
T1887,6617
T1888,6648
T1889,7152
T1890,7836
T1891,8215
T1892,8172
T1893,8016
T1894,7935
T1895,7848
T1896,7755
T1897,7680
T1898,7581
T1899,7519
T1900,7724
T1901,8103
T1902,8495
T1903,8644
T1904,8539
T1905,8172
T1906,7910
T1907,7201
T1908,7189
T1909,7251
T1910,7183
T1911,7015
T1912,7351
T1913,8333
T1914,8868
T1915,9011
T1916,8924
T1917,8986
T1918,8893
T1919,8713
T1920,8663
T1921,8787
T1922,8744
T1923,8818
T1924,9055
T1925,9316
T1926,9527
T1927,9129
T1928,8420
T1929,8085
T1930,7929
T1931,7867
T1932,7811
T1933,7562
T1934,7413
T1935,7338
T1936,7575
T1937,8053
T1938,8856
T1939,9123
T1940,8905
T1941,8937
T1942,8961
T1943,8849
T1944,8688
T1945,8843
T1946,8893
T1947,8899
T1948,9104
T1949,9471
T1950,9602
T1951,9204
T1952,8849
T1953,8638
T1954,8408
T1955,8215
T1956,8066
T1957,8315
T1958,8116
T1959,8016
T1960,8246
T1961,8874
T1962,9415
T1963,9907
T1964,9826
T1965,9540
T1966,9397
T1967,9247
T1968,9117
T1969,9129
T1970,9055
T1971,9160
T1972,9409
T1973,9708
T1974,10205
T1975,9907
T1976,9403
T1977,9030
T1978,8775
T1979,8688
T1980,8675
T1981,8315
T1982,8277
T1983,8489
T1984,8682
T1985,9042
T1986,9925
T1987,10093
T1988,9844
T1989,9552
T1990,9254
T1991,8887
T1992,8694
T1993,8688
T1994,8750
T1995,8856
T1996,9142
T1997,9527
T1998,9956
T1999,9428
T2000,9073
T2001,8713
T2002,8340
T2003,8140
T2004,8047
T2005,7966
T2006,7811
T2007,8041
T2008,8215
T2009,8881
T2010,9204
T2011,9428
T2012,9198
T2013,8843
T2014,8439
T2015,8172
T2016,8109
T2017,8215
T2018,8290
T2019,8470
T2020,8843
T2021,9303
T2022,9546
T2023,9104
T2024,8719
T2025,8234
T2026,7929
T2027,7780
T2028,7631
T2029,7525
T2030,7407
T2031,7438
T2032,7674
T2033,8172
T2034,9030
T2035,9235
T2036,8912
T2037,8744
T2038,8557
T2039,8277
T2040,8203
T2041,8296
T2042,8346
T2043,8172
T2044,8489
T2045,8924
T2046,9552
T2047,9136
T2048,8016
T2049,7618
T2050,7369
T2051,7251
T2052,7208
T2053,7096
T2054,6971
T2055,6922
T2056,7027
T2057,7494
T2058,8340
T2059,8762
T2060,8570
T2061,8445
T2062,8321
T2063,8209
T2064,8203
T2065,8215
T2066,8221
T2067,8340
T2068,8706
T2069,9030
T2070,9223
T2071,8843
T2072,8252
T2073,7587
T2074,7152
T2075,6729
T2076,6399
T2077,6163
T2078,5958
T2079,5821
T2080,5945
T2081,6374
T2082,7276
T2083,7742
T2084,7755
T2085,7687
T2086,7599
T2087,7550
T2088,7456
T2089,7488
T2090,7500
T2091,7699
T2092,7935
T2093,8234
T2094,8196
T2095,7456
T2096,6853
T2097,6468
T2098,6349
T2099,6455
T2100,6636
T2101,6841
T2102,6859
T2103,7083
T2104,7525
T2105,7960
T2106,8085
T2107,7830
T2108,7475
T2109,7096
T2110,6971
T2111,7046
T2112,7065
T2113,8066
T2114,9136
T2115,8769
T2116,8893
T2117,9104
T2118,9005
T2119,8930
T2120,8937
T2121,8818
T2122,8601
T2123,8470
T2124,8402
T2125,8047
T2126,7767
T2127,7842
T2128,8022
T2129,8433
T2130,9142
T2131,9390
T2132,9216
T2133,9104
T2134,9036
T2135,8930
T2136,8775
T2137,8557
T2138,8246
T2139,8470
T2140,8781
T2141,9111
T2142,9527
T2143,9005
T2144,8072
T2145,7842
T2146,7867
T2147,7811
T2148,7736
T2149,7687
T2150,7562
T2151,7469
T2152,7450
T2153,7767
T2154,8638
T2155,8986
T2156,8887
T2157,8738
T2158,8650
T2159,8650
T2160,8738
T2161,8818
T2162,9048
T2163,9359
T2164,9757
T2165,10199
T2166,10187
T2167,9527
T2168,8694
T2169,8159
T2170,7910
T2171,7798
T2172,7575
T2173,7289
T2174,7096
T2175,7083
T2176,7170
T2177,7568
T2178,8078
T2179,8035
T2180,7923
T2181,7774
T2182,7575
T2183,7624
T2184,7680
T2185,7581
T2186,7531
T2187,7655
T2188,7960
T2189,8265
T2190,8458
T2191,8352
T2192,8178
T2193,8041
T2194,7954
T2195,7400
T2196,7413
T2197,7108
T2198,7208
T2199,7966
T2200,7568
T2201,7780
T2202,8122
T2203,8196
T2204,8140
T2205,7973
T2206,7798
T2207,7537
T2208,7276
T2209,7251
T2210,7326
T2211,7575
T2212,7979
T2213,8371
T2214,8464
T2215,8364
T2216,8265
T2217,7649
T2218,7456
T2219,7419
T2220,7233
T2221,7270
T2222,7332
T2223,7587
T2224,7954
T2225,8066
T2226,8781
T2227,8775
T2228,8483
T2229,8738
T2230,8563
T2231,8252
T2232,7985
T2233,8066
T2234,8234
T2235,8489
T2236,8918
T2237,9341
T2238,9403
T2239,8924
T2240,8570
T2241,8271
T2242,8078
T2243,7854
T2244,7568
T2245,7512
T2246,7450
T2247,7388
T2248,7388
T2249,7811
T2250,8371
T2251,8638
T2252,8514
T2253,8259
T2254,8277
T2255,8246
T2256,8402
T2257,8570
T2258,8613
T2259,8787
T2260,8974
T2261,9179
T2262,8949
T2263,8035
T2264,7512
T2265,7307
T2266,7127
T2267,6934
T2268,6766
T2269,6331
T2270,6194
T2271,6312
T2272,6872
T2273,7127
T2274,7463
T2275,7724
T2276,7593
T2277,7575
T2278,7419
T2279,7295
T2280,7456
T2281,7450
T2282,7444
T2283,7637
T2284,7892
T2285,8078
T2286,7612
T2287,6685
T2288,6387
T2289,6113
T2290,6007
T2291,5802
T2292,5684
T2293,5678
T2294,5460
T2295,5442
T2296,5622
T2297,6051
T2298,6704
T2299,7189
T2300,7102
T2301,6884
T2302,6735
T2303,6673
T2304,6660
T2305,6424
T2306,6368
T2307,6642
T2308,7071
T2309,7432
T2310,7320
T2311,6692
T2312,6325
T2313,6007
T2314,5752
T2315,5473
T2316,5305
T2317,5224
T2318,5012
T2319,4857
T2320,4795
T2321,5000
T2322,5541
T2323,6094
T2324,6213
T2325,6070
T2326,5889
T2327,5802
T2328,5740
T2329,5653
T2330,5560
T2331,5665
T2332,5746
T2333,6113
T2334,6424
T2335,6119
T2336,5591
T2337,5243
T2338,5012
T2339,4963
T2340,4888
T2341,4733
T2342,4583
T2343,4403
T2344,4502
T2345,4844
T2346,5386
T2347,5871
T2348,5976
T2349,5914
T2350,5759
T2351,5765
T2352,5939
T2353,6051
T2354,6113
T2355,6337
T2356,6667
T2357,6816
T2358,6629
T2359,5933
T2360,5367
T2361,5224
T2362,5093
T2363,4919
T2364,4776
T2365,4733
T2366,4484
T2367,4565
T2368,4714
T2369,5087
T2370,5622
T2371,6138
T2372,6113
T2373,5827
T2374,5516
T2375,5243
T2376,5155
T2377,5398
T2378,5672
T2379,6007
T2380,6238
T2381,6250
T2382,6219
T2383,6213
T2384,6119
T2385,6026
T2386,5827
T2387,5771
T2388,5709
T2389,5491
T2390,5180
T2391,5012
T2392,5106
T2393,5591
T2394,6231
T2395,6555
T2396,6548
T2397,6492
T2398,6393
T2399,6306
T2400,6300
T2401,6399
T2402,6580
T2403,6828
T2404,7226
T2405,7506
T2406,7145
T2407,6673
T2408,6163
T2409,5889
T2410,5796
T2411,5696
T2412,5491
T2413,5448
T2414,5354
T2415,5473
T2416,5634
T2417,5765
T2418,6269
T2419,6617
T2420,6592
T2421,6741
T2422,6685
T2423,6517
T2424,6524
T2425,6530
T2426,6660
T2427,6909
T2428,7170
T2429,7307
T2430,6872
T2431,6194
T2432,5703
T2433,5454
T2434,5317
T2435,5199
T2436,5112
T2437,5106
T2438,5392
T2439,5628
T2440,6094
T2441,6256
T2442,6325
T2443,6343
T2444,6356
T2445,6318
T2446,6045
T2447,5796
T2448,5734
T2449,5628
T2450,5585
T2451,5504
T2452,5529
T2453,5653
T2454,5659
T2455,5516
T2456,5354
T2457,4932
T2458,4372
T2459,4173
T2460,3924
T2461,3738
T2462,3570
T2463,3582
T2464,3700
T2465,4272
T2466,4876
T2467,5311
T2468,5547
T2469,5696
T2470,5734
T2471,5659
T2472,6063
T2473,6343
T2474,6449
T2475,6723
T2476,6934
T2477,7021
T2478,6679
T2479,6437
T2480,6654
T2481,7096
T2482,6810
T2483,7002
T2484,6642
T2485,6318
T2486,6119
T2487,6909
T2488,7251
T2489,6996
T2490,7102
T2491,7419
T2492,7413
T2493,7444
T2494,7251
T2495,7233
T2496,7301
T2497,7363
T2498,7419
T2499,7736
T2500,7966
T2501,8178
T2502,7917
T2503,7749
T2504,7705
T2505,7618
T2506,7058
T2507,7083
T2508,6953
T2509,6573
T2510,6306
T2511,6082
T2512,5945
T2513,6362
T2514,6772
T2515,7052
T2516,6953
T2517,6853
T2518,6679
T2519,6567
T2520,6412
T2521,6480
T2522,6555
T2523,6754
T2524,7027
T2525,7351
T2526,7618
T2527,7643
T2528,7183
T2529,6760
T2530,6219
T2531,5728
T2532,5460
T2533,5174
T2534,4782
T2535,4639
T2536,4720
T2537,4981
T2538,5578
T2539,6026
T2540,6262
T2541,6337
T2542,6437
T2543,6374
T2544,6337
T2545,6163
T2546,6032
T2547,6082
T2548,6244
T2549,6673
T2550,6729
T2551,6399
T2552,6088
T2553,5864
T2554,5616
T2555,5473
T2556,5367
T2557,5243
T2558,5025
T2559,4956
T2560,5050
T2561,5267
T2562,5784
T2563,6306
T2564,6331
T2565,6356
T2566,6238
T2567,6144
T2568,6194
T2569,6343
T2570,6449
T2571,6747
T2572,7177
T2573,7394
T2574,6785
T2575,6194
T2576,5964
T2577,5914
T2578,5566
T2579,5305
T2580,5081
T2581,5025
T2582,4807
T2583,4838
T2584,5298
T2585,5553
T2586,6001
T2587,6598
T2588,6698
T2589,6573
T2590,6449
T2591,6356
T2592,6455
T2593,6430
T2594,6437
T2595,6636
T2596,6903
T2597,6903
T2598,6231
T2599,5709
T2600,5485
T2601,5305
T2602,5224
T2603,5149
T2604,5149
T2605,5131
T2606,4932
T2607,5050
T2608,5560
T2609,5821
T2610,6020
T2611,6486
T2612,6685
T2613,6530
T2614,6275
T2615,6088
T2616,6312
T2617,6412
T2618,6343
T2619,6437
T2620,6517
T2621,6561
T2622,6020
T2623,5597
T2624,5348
T2625,5367
T2626,5317
T2627,5187
T2628,5006
T2629,4813
T2630,4689
T2631,4614
T2632,4596
T2633,4832
T2634,5541
T2635,6082
T2636,6138
T2637,5995
T2638,5951
T2639,6082
T2640,6163
T2641,6144
T2642,6175
T2643,6424
T2644,6723
T2645,6928
T2646,6461
T2647,5771
T2648,5137
T2649,4857
T2650,4596
T2651,4683
T2652,4291
T2653,4067
T2654,3949
T2655,4048
T2656,4254
T2657,4471
T2658,4807
T2659,5442
T2660,5641
T2661,5429
T2662,5292
T2663,5236
T2664,5336
T2665,5435
T2666,5572
T2667,5827
T2668,6231
T2669,6337
T2670,5877
T2671,5435
T2672,5087
T2673,4838
T2674,4502
T2675,4167
T2676,4024
T2677,3806
T2678,3650
T2679,3794
T2680,3968
T2681,4303
T2682,4944
T2683,5386
T2684,5485
T2685,5330
T2686,5193
T2687,5162
T2688,5230
T2689,5305
T2690,5410
T2691,5672
T2692,6045
T2693,5840
T2694,5653
T2695,5373
T2696,4782
T2697,4465
T2698,4148
T2699,3918
T2700,3738
T2701,3563
T2702,3476
T2703,3389
T2704,3495
T2705,3893
T2706,4241
T2707,4701
T2708,4981
T2709,4900
T2710,4683
T2711,4658
T2712,4708
T2713,4801
T2714,4876
T2715,5044
T2716,5236
T2717,5410
T2718,4900
T2719,4384
T2720,3899
T2721,3495
T2722,3308
T2723,3103
T2724,2991
T2725,2904
T2726,2861
T2727,2854
T2728,2985
T2729,3134
T2730,3290
T2731,3725
T2732,4055
T2733,4067
T2734,3905
T2735,3812
T2736,3868
T2737,3993
T2738,4042
T2739,4235
T2740,4565
T2741,4851
T2742,4695
T2743,4658
T2744,4434
T2745,4160
T2746,4036
T2747,4092
T2748,4042
T2749,3744
T2750,3545
T2751,3489
T2752,3458
T2753,3638
T2754,3874
T2755,4297
T2756,4621
T2757,4621
T2758,4571
T2759,4869
T2760,4515
T2761,4459
T2762,4415
T2763,4527
T2764,4720
T2765,4801
T2766,4409
T2767,4192
T2768,4061
T2769,4104
T2770,4154
T2771,4210
T2772,4241
T2773,4254
T2774,4179
T2775,4098
T2776,4111
T2777,4241
T2778,4484
T2779,4932
T2780,5155
T2781,5162
T2782,5093
T2783,5000
T2784,5056
T2785,5062
T2786,5056
T2787,5187
T2788,5392
T2789,5236
T2790,4621
T2791,4310
T2792,4254
T2793,4303
T2794,4223
T2795,4129
T2796,4216
T2797,4391
T2798,4478
T2799,4409
T2800,4621
T2801,4869
T2802,5099
T2803,5193
T2804,5193
T2805,5236
T2806,5243
T2807,5292
T2808,5404
T2809,5280
T2810,5317
T2811,5410
T2812,5659
T2813,5895
T2814,5547
T2815,5180
T2816,5187
T2817,4857
T2818,4801
T2819,4521
T2820,4179
T2821,4303
T2822,4254
T2823,4117
T2824,4154
T2825,4558
T2826,5087
T2827,5298
T2828,5124
T2829,4826
T2830,4726
T2831,4577
T2832,4577
T2833,4689
T2834,4745
T2835,4894
T2836,5249
T2837,5603
T2838,5659
T2839,5379
T2840,5019
T2841,4907
T2842,4745
T2843,4639
T2844,4534
T2845,4403
T2846,4272
T2847,4353
T2848,4415
T2849,4838
T2850,5019
T2851,5261
T2852,5342
T2853,5236
T2854,5149
T2855,5093
T2856,5062
T2857,4938
T2858,4944
T2859,5112
T2860,5529
T2861,5964
T2862,6306
T2863,6306
T2864,6262
T2865,6293
T2866,6368
T2867,6312
T2868,6244
T2869,6399
T2870,6598
T2871,6604
T2872,6704
T2873,6866
T2874,7195
T2875,7208
T2876,7226
T2877,6853
T2878,6586
T2879,6331
T2880,6244
T2881,6194
T2882,6250
T2883,6480
T2884,6866
T2885,7127
T2886,7251
T2887,7413
T2888,7469
T2889,7332
T2890,7139
T2891,7145
T2892,7114
T2893,6928
T2894,6866
T2895,6828
T2896,6592
T2897,6163
T2898,6138
T2899,6231
T2900,6405
T2901,6524
T2902,6474
T2903,6312
T2904,6157
T2905,6032
T2906,5958
T2907,6063
T2908,6685
T2909,6946
T2910,6996
T2911,6878
T2912,6480
T2913,6132
T2914,5572
T2915,5690
T2916,5398
T2917,5404
T2918,5622
T2919,5081
T2920,4932
T2921,5025
T2922,5243
T2923,5852
T2924,6045
T2925,5759
T2926,5466
T2927,5286
T2928,5305
T2929,5298
T2930,5330
T2931,5429
T2932,5740
T2933,5777
T2934,5454
T2935,4988
T2936,5019
T2937,5006
T2938,6256
T2939,5945
T2940,5131
T2941,4776
T2942,4733
T2943,5093
T2944,5124
T2945,4994
T2946,5062
T2947,5417
T2948,5659
T2949,5628
T2950,5361
T2951,5311
T2952,5435
T2953,5373
T2954,5317
T2955,5510
T2956,5690
T2957,5578
T2958,5367
T2959,5124
T2960,5031
T2961,4863
T2962,4546
T2963,4509
T2964,4515
T2965,4440
T2966,4285
T2967,4192
T2968,4247
T2969,4415
T2970,4670
T2971,5019
T2972,5224
T2973,5292
T2974,5149
T2975,5106
T2976,5255
T2977,5311
T2978,5423
T2979,5721
T2980,6107
T2981,6063
T2982,5852
T2983,5473
T2984,5050
T2985,4820
T2986,4832
T2987,4733
T2988,4658
T2989,4596
T2990,4446
T2991,4279
T2992,4652
T2993,5187
T2994,5435
T2995,5529
T2996,5721
T2997,5665
T2998,5429
T2999,5187
T3000,5236
T3001,5342
T3002,5553
T3003,5852
T3004,6088
T3005,6219
T3006,5945
T3007,5609
T3008,5802
T3009,5280
T3010,5180
T3011,5068
T3012,5037
T3013,4981
T3014,4820
T3015,4832
T3016,4639
T3017,4571
T3018,4907
T3019,5342
T3020,5641
T3021,5591
T3022,5410
T3023,5292
T3024,5267
T3025,5286
T3026,5448
T3027,5808
T3028,6138
T3029,6020
T3030,5553
T3031,5218
T3032,5292
T3033,5124
T3034,4994
T3035,4813
T3036,4577
T3037,4341
T3038,4210
T3039,4092
T3040,4235
T3041,4596
T3042,4969
T3043,5118
T3044,5218
T3045,5224
T3046,5137
T3047,5081
T3048,5031
T3049,5050
T3050,5099
T3051,5280
T3052,5566
T3053,5529
T3054,5168
T3055,4956
T3056,4683
T3057,4391
T3058,4148
T3059,4055
T3060,3899
T3061,3756
T3062,3669
T3063,3619
T3064,3514
T3065,3582
T3066,3725
T3067,4154
T3068,4446
T3069,4459
T3070,4484
T3071,4490
T3072,4515
T3073,4440
T3074,4645
T3075,5068
T3076,5354
T3077,5149
T3078,4807
T3079,4689
T3080,4509
T3081,4347
T3082,4073
T3083,3725
T3084,3501
T3085,3340
T3086,3246
T3087,3159
T3088,3128
T3089,3165
T3090,3290
T3091,3669
T3092,4030
T3093,4185
T3094,4173
T3095,4192
T3096,4241
T3097,4291
T3098,4328
T3099,4341
T3100,4359
T3101,4247
T3102,4198
T3103,4067
T3104,3937
T3105,3781
T3106,3644
T3107,3501
T3108,3315
T3109,3265
T3110,3109
T3111,3041
T3112,3016
T3113,3091
T3114,3252
T3115,3650
T3116,3893
T3117,3949
T3118,3862
T3119,3794
T3120,3899
T3121,3812
T3122,3719
T3123,3644
T3124,3700
T3125,3725
T3126,3632
T3127,3514
T3128,3688
T3129,3346
T3130,3184
T3131,2997
T3132,2836
T3133,2730
T3134,2687
T3135,2749
T3136,3414
T3137,4322
T3138,4639
T3139,4782
T3140,4789
T3141,4757
T3142,4496
T3143,4341
T3144,4335
T3145,4391
T3146,4434
T3147,4733
T3148,5280
T3149,5833
T3150,6169
T3151,6057
T3152,5790
T3153,5280
T3154,5062
T3155,5044
T3156,4963
T3157,4913
T3158,4820
T3159,4757
T3160,4745
T3161,4838
T3162,5193
T3163,5541
T3164,5796
T3165,5771
T3166,5634
T3167,5597
T3168,5641
T3169,5703
T3170,5665
T3171,5864
T3172,6163
T3173,5808
T3174,5404
T3175,5553
T3176,5292
T3177,5193
T3178,4956
T3179,4882
T3180,4540
T3181,4490
T3182,5752
T3183,5889
T3184,5174
T3185,4944
T3186,5348
T3187,5622
T3188,5933
T3189,5951
T3190,5771
T3191,5634
T3192,5678
T3193,5616
T3194,5728
T3195,5821
T3196,6138
T3197,6219
T3198,6356
T3199,5995
T3200,5435
T3201,5075
T3202,5037
T3203,5068
T3204,4919
T3205,5000
T3206,4919
T3207,4739
T3208,4695
T3209,4807
T3210,5044
T3211,5466
T3212,5939
T3213,5914
T3214,5827
T3215,5771
T3216,5672
T3217,5672
T3218,5883
T3219,5858
T3220,6126
T3221,5927
T3222,5634
T3223,5572
T3224,5585
T3225,5243
T3226,5149
T3227,5081
T3228,4913
T3229,4751
T3230,4484
T3231,4335
T3232,4353
T3233,4757
T3234,4844
T3235,5056
T3236,5410
T3237,5473
T3238,5361
T3239,5317
T3240,5398
T3241,5429
T3242,5473
T3243,5448
T3244,5597
T3245,5522
T3246,5354
T3247,5205
T3248,5068
T3249,5000
T3250,5367
T3251,4571
T3252,4415
T3253,4633
T3254,5081
T3255,4490
T3256,4478
T3257,4633
T3258,4546
T3259,4820
T3260,4994
T3261,4963
T3262,4925
T3263,4919
T3264,5199
T3265,5230
T3266,5081
T3267,5044
T3268,5075
T3269,5106
T3270,4857
T3271,5025
T3272,4708
T3273,4882
T3274,4900
T3275,4751
T3276,4994
T3277,5479
T3278,4645
T3279,4558
T3280,4397
T3281,4583
T3282,4894
T3283,5112
T3284,5187
T3285,5143
T3286,5068
T3287,4888
T3288,4932
T3289,5149
T3290,5354
T3291,5305
T3292,5734
T3293,5187
T3294,5112
T3295,5037
T3296,4701
T3297,4944
T3298,4776
T3299,4484
T3300,4129
T3301,4030
T3302,4048
T3303,4179
T3304,4969
T3305,4925
T3306,4994
T3307,5249
T3308,5354
T3309,5298
T3310,5025
T3311,4882
T3312,4838
T3313,4739
T3314,4782
T3315,4907
T3316,5025
T3317,5298
T3318,5466
T3319,5504
T3320,5087
T3321,4969
T3322,4882
T3323,4882
T3324,4391
T3325,4266
T3326,4490
T3327,4944
T3328,4938
T3329,4944
T3330,5025
T3331,4950
T3332,4857
T3333,4708
T3334,4577
T3335,4459
T3336,4403
T3337,4347
T3338,4391
T3339,4583
T3340,4795
T3341,5019
T3342,5274
T3343,5137
T3344,5106
T3345,4919
T3346,4577
T3347,4297
T3348,4173
T3349,4073
T3350,3993
T3351,3849
T3352,3937
T3353,4061
T3354,4229
T3355,4478
T3356,4900
T3357,4994
T3358,4956
T3359,4813
T3360,4925
T3361,4844
T3362,4851
T3363,5081
T3364,5224
T3365,4913
T3366,4627
T3367,4558
T3368,4428
T3369,4123
T3370,3905
T3371,3769
T3372,3570
T3373,3358
T3374,3209
T3375,3072
T3376,3047
T3377,3203
T3378,3570
T3379,3893
T3380,4185
T3381,4335
T3382,4291
T3383,4167
T3384,4210
T3385,4266
T3386,4272
T3387,4353
T3388,4453
T3389,4328
T3390,3986
T3391,3905
T3392,3694
T3393,3520
T3394,3495
T3395,3396
T3396,3228
T3397,3122
T3398,3041
T3399,3016
T3400,3060
T3401,3165
T3402,3445
T3403,3800
T3404,3843
T3405,3818
T3406,3663
T3407,3551
T3408,3545
T3409,3557
T3410,3601
T3411,3787
T3412,3968
T3413,3719
T3414,3495
T3415,3352
T3416,3234
T3417,3203
T3418,3153
T3419,3072
T3420,3035
T3421,3041
T3422,3196
T3423,3364
T3424,3464
T3425,3576
T3426,3781
T3427,3912
T3428,4048
T3429,4042
T3430,3899
T3431,3924
T3432,3993
T3433,4011
T3434,3955
T3435,3912
T3436,3874
T3437,3812
T3438,3700
T3439,3582
T3440,3439
T3441,3340
T3442,3252
T3443,3060
T3444,3340
T3445,3470
T3446,3265
T3447,3066
T3448,3047
T3449,3116
T3450,3290
T3451,3576
T3452,3918
T3453,4036
T3454,4136
T3455,4123
T3456,4142
T3457,3943
T3458,3787
T3459,3794
T3460,3818
T3461,3812
T3462,3787
T3463,3831
T3464,3750
T3465,3769
T3466,4005
T3467,3986
T3468,3750
T3469,3843
T3470,3682
T3471,3638
T3472,3899
T3473,4459
T3474,4471
T3475,4571
T3476,4496
T3477,4328
T3478,4198
T3479,4279
T3480,4179
T3481,4123
T3482,4067
T3483,4179
T3484,4403
T3485,4645
T3486,4770
T3487,4621
T3488,4235
T3489,3849
T3490,3638
T3491,3451
T3492,3414
T3493,3215
T3494,3047
T3495,2973
T3496,2960
T3497,3128
T3498,3215
T3499,3340
T3500,3650
T3501,3750
T3502,3775
T3503,3713
T3504,3837
T3505,3986
T3506,4005
T3507,4129
T3508,4210
T3509,3980
T3510,3731
T3511,3501
T3512,3252
T3513,3035
T3514,2904
T3515,2836
T3516,2767
T3517,2662
T3518,2581
T3519,2562
T3520,2593
T3521,2718
T3522,2942
T3523,3109
T3524,3340
T3525,3458
T3526,3445
T3527,3308
T3528,3284
T3529,3358
T3530,3501
T3531,3725
T3532,3881
T3533,3725
T3534,3439
T3535,3184
T3536,3010
T3537,2954
T3538,2904
T3539,2917
T3540,2873
T3541,2718
T3542,2761
T3543,2991
T3544,3209
T3545,3315
T3546,3706
T3547,3756
T3548,3682
T3549,3719
T3550,3731
T3551,3706
T3552,3682
T3553,3781
T3554,3862
T3555,3999
T3556,4061
T3557,3856
T3558,3669
T3559,3340
T3560,3190
T3561,2985
T3562,2867
T3563,2767
T3564,2699
T3565,2674
T3566,2624
T3567,2612
T3568,2618
T3569,2711
T3570,2836
T3571,3053
T3572,3252
T3573,3433
T3574,3427
T3575,3389
T3576,3427
T3577,3545
T3578,3657
T3579,3781
T3580,3862
T3581,3588
T3582,3321
T3583,3116
T3584,2960
T3585,2848
T3586,2724
T3587,2624
T3588,2562
T3589,2488
T3590,2475
T3591,2481
T3592,2494
T3593,2519
T3594,2599
T3595,2749
T3596,3016
T3597,3128
T3598,3147
T3599,3116
T3600,3147
T3601,3234
T3602,3290
T3603,3396
T3604,3364
T3605,3022
T3606,2767
T3607,2724
T3608,2842
T3609,2805
T3610,2749
T3611,2687
T3612,2612
T3613,2525
T3614,2494
T3615,2463
T3616,2488
T3617,2705
T3618,2811
T3619,2848
T3620,2997
T3621,3172
T3622,3221
T3623,3159
T3624,3228
T3625,3252
T3626,3196
T3627,3165
T3628,3147
T3629,3010
T3630,2805
T3631,2823
T3632,2786
T3633,2724
T3634,2674
T3635,2649
T3636,2568
T3637,2444
T3638,2357
T3639,2264
T3640,2177
T3641,2220
T3642,2313
T3643,2469
T3644,2655
T3645,2786
T3646,2798
T3647,2823
T3648,2898
T3649,2954
T3650,2942
T3651,3091
T3652,3091
T3653,2792
T3654,2575
T3655,2506
T3656,2463
T3657,2444
T3658,2450
T3659,2407
T3660,2332
T3661,2276
T3662,2208
T3663,2146
T3664,2170
T3665,2214
T3666,2289
T3667,2301
T3668,2320
T3669,2369
T3670,2363
T3671,2320
T3672,2351
T3673,2394
T3674,2407
T3675,2494
T3676,2544
T3677,2581
T3678,2506
T3679,2363
T3680,2264
T3681,2214
T3682,2164
T3683,2114
T3684,2071
T3685,2040
T3686,2009
T3687,2009
T3688,2052
T3689,2108
T3690,2164
T3691,2177
T3692,2208
T3693,2226
T3694,2220
T3695,2251
T3696,2301
T3697,2338
T3698,2351
T3699,2450
T3700,2537
T3701,2581
T3702,2637
T3703,2525
T3704,2463
T3705,2400
T3706,2338
T3707,2320
T3708,2282
T3709,2233
T3710,2177
T3711,2170
T3712,2208
T3713,2295
T3714,2357
T3715,2419
T3716,2599
T3717,2687
T3718,2649
T3719,2612
T3720,2649
T3721,2674
T3722,2730
T3723,2830
T3724,2898
T3725,2892
T3726,2948
T3727,2767
T3728,2550
T3729,2419
T3730,2301
T3731,2257
T3732,2220
T3733,2195
T3734,2164
T3735,2239
T3736,2320
T3737,2469
T3738,2655
T3739,2755
T3740,2798
T3741,2711
T3742,2655
T3743,2606
T3744,2581
T3745,2612
T3746,2587
T3747,2624
T3748,2823
T3749,3047
T3750,3066
T3751,3153
T3752,2973
T3753,2979
T3754,2917
T3755,3047
T3756,2830
T3757,2655
T3758,2519
T3759,2506
T3760,2519
T3761,2556
T3762,2668
T3763,2792
T3764,2917
T3765,3041
T3766,3078
T3767,2973
T3768,2817
T3769,2898
T3770,2997
T3771,3178
T3772,3246
T3773,3408
T3774,3402
T3775,3296
T3776,3109
T3777,3078
T3778,3228
T3779,3308
T3780,3483
T3781,3346
T3782,3041
T3783,2923
T3784,2929
T3785,2780
T3786,2854
T3787,2892
T3788,3078
T3789,3203
T3790,3159
T3791,3078
T3792,3203
T3793,3246
T3794,3259
T3795,3085
T3796,2985
T3797,2917
T3798,2568
T3799,2500
T3800,2593
T3801,2655
T3802,2649
T3803,2556
T3804,2562
T3805,2568
T3806,2500
T3807,2450
T3808,2444
T3809,2481
T3810,2668
T3811,2718
T3812,2879
T3813,3010
T3814,3035
T3815,2973
T3816,3004
T3817,3035
T3818,3035
T3819,3184
T3820,3284
T3821,3196
T3822,3122
T3823,2973
T3824,2798
T3825,2599
T3826,2512
T3827,2413
T3828,2326
T3829,2301
T3830,2376
T3831,2388
T3832,2388
T3833,2469
T3834,2631
T3835,2649
T3836,2693
T3837,2811
T3838,2830
T3839,2817
T3840,2836
T3841,2904
T3842,2948
T3843,3085
T3844,3116
T3845,3010
T3846,2910
T3847,2749
T3848,2599
T3849,2326
T3850,2463
T3851,2494
T3852,2506
T3853,2444
T3854,2394
T3855,2363
T3856,2363
T3857,2456
T3858,2637
T3859,2743
T3860,2910
T3861,2991
T3862,2973
T3863,2886
T3864,2923
T3865,2960
T3866,3010
T3867,3122
T3868,3153
T3869,3091
T3870,2917
T3871,2705
T3872,2525
T3873,2394
T3874,2320
T3875,2282
T3876,2239
T3877,2208
T3878,2170
T3879,2183
T3880,2264
T3881,2376
T3882,2500
T3883,2525
T3884,2407
T3885,2363
T3886,2264
T3887,2146
T3888,2096
T3889,2083
T3890,2114
T3891,2245
T3892,2382
T3893,2587
T3894,2730
T3895,2680
T3896,2525
T3897,2376
T3898,2295
T3899,2201
T3900,2152
T3901,2114
T3902,2058
T3903,2065
T3904,2133
T3905,2251
T3906,2525
T3907,2649
T3908,2444
T3909,2313
T3910,2177
T3911,2071
T3912,2027
T3913,2027
T3914,2009
T3915,2058
T3916,2146
T3917,2332
T3918,2481
T3919,2494
T3920,2463
T3921,2407
T3922,2394
T3923,2338
T3924,2320
T3925,2301
T3926,2282
T3927,2295
T3928,2282
T3929,2264
T3930,2270
T3931,2307
T3932,2320
T3933,2257
T3934,2183
T3935,2108
T3936,2058
T3937,2052
T3938,2046
T3939,2083
T3940,2114
T3941,2133
T3942,2158
T3943,2201
T3944,2295
T3945,2289
T3946,2382
T3947,2363
T3948,2313
T3949,2239
T3950,2158
T3951,2146
T3952,2152
T3953,2183
T3954,2189
T3955,2177
T3956,2152
T3957,2152
T3958,2139
T3959,2152
T3960,2220
T3961,2276
T3962,2295
T3963,2313
T3964,2295
T3965,2208
T3966,2121
T3967,2146
T3968,2158
T3969,2201
T3970,2214
T3971,2201
T3972,2189
T3973,2121
T3974,2065
T3975,2046
T3976,2071
T3977,2158
T3978,2195
T3979,2214
T3980,2289
T3981,2351
T3982,2264
T3983,2220
T3984,2264
T3985,2270
T3986,2332
T3987,2407
T3988,2444
T3989,2400
T3990,2419
T3991,2345
T3992,2233
T3993,2164
T3994,2121
T3995,2083
T3996,2052
T3997,2002
T3998,1978
T3999,1940
T4000,1959
T4001,2046
T4002,2114
T4003,2121
T4004,2133
T4005,2133
T4006,2090
T4007,2002
T4008,1953
T4009,1903
T4010,1891
T4011,1965
T4012,2034
T4013,2146
T4014,2220
T4015,2264
T4016,2158
T4017,2077
T4018,2040
T4019,2027
T4020,1990
T4021,1947
T4022,1934
T4023,1934
T4024,1965
T4025,2034
T4026,2090
T4027,2065
T4028,2027
T4029,2052
T4030,2027
T4031,1965
T4032,1928
T4033,1922
T4034,1928
T4035,2002
T4036,2046
T4037,2152
T4038,2226
T4039,2127
T4040,2077
T4041,2046
T4042,1996
T4043,1996
T4044,1971
T4045,1922
T4046,1897
T4047,1903
T4048,1940
T4049,2021
T4050,2077
T4051,2090
T4052,2071
T4053,2052
T4054,2021
T4055,1915
T4056,1853
T4057,1816
T4058,1803
T4059,1853
T4060,1947
T4061,2052
T4062,2139
T4063,2121
T4064,2065
T4065,1990
T4066,1959
T4067,1928
T4068,1884
T4069,1872
T4070,1859
T4071,1822
T4072,1996
T4073,2021
T4074,2065
T4075,2065
T4076,2146
T4077,2090
T4078,1990
T4079,1884
T4080,1822
T4081,1791
T4082,1772
T4083,1822
T4084,1866
T4085,2009
T4086,2208
T4087,2301
T4088,2214
T4089,2127
T4090,2083
T4091,2052
T4092,2046
T4093,2002
T4094,1971
T4095,1978
T4096,2015
T4097,2046
T4098,2052
T4099,2040
T4100,1996
T4101,1965
T4102,1897
T4103,1859
T4104,1853
T4105,1822
T4106,1797
T4107,1791
T4108,1797
T4109,1803
T4110,1853
T4111,1928
T4112,2021
T4113,2058
T4114,2121
T4115,2139
T4116,2146
T4117,2121
T4118,2071
T4119,2065
T4120,2090
T4121,2133
T4122,2164
T4123,2152
T4124,2146
T4125,2096
T4126,2040
T4127,2009
T4128,2040
T4129,2058
T4130,2009
T4131,1965
T4132,1978
T4133,1990
T4134,1996
T4135,2040
T4136,2127
T4137,2214
T4138,2251
T4139,2301
T4140,2307
T4141,2239
T4142,2220
T4143,2164
T4144,2177
T4145,2264
T4146,2295
T4147,2239
T4148,2214
T4149,2195
T4150,2177
T4151,2158
T4152,2189
T4153,2170
T4154,2189
T4155,2282
T4156,2332
T4157,2301
T4158,2369
T4159,2419
T4160,2388
T4161,2226
T4162,2139
T4163,2146
T4164,2083
T4165,2058
T4166,2015
T4167,2021
T4168,2034
T4169,2077
T4170,2158
T4171,2139
T4172,2127
T4173,2146
T4174,2133
T4175,2096
T4176,2065
T4177,2096
T4178,2214
T4179,2301
T4180,2388
T4181,2444
T4182,2444
T4183,2307
T4184,2301
T4185,2183
T4186,2114
T4187,2058
T4188,2015
T4189,1996
T4190,1965
T4191,1934
T4192,1971
T4193,2015
T4194,2058
T4195,2065
T4196,2083
T4197,2108
T4198,2071
T4199,2034
T4200,2046
T4201,2090
T4202,2108
T4203,2164
T4204,2183
T4205,2239
T4206,2257
T4207,2201
T4208,2102
T4209,2040
T4210,2027
T4211,1978
T4212,1959
T4213,1928
T4214,1903
T4215,1897
T4216,1922
T4217,1953
T4218,1996
T4219,2002
T4220,1984
T4221,1978
T4222,1940
T4223,1853
T4224,1803
T4225,1803
T4226,1803
T4227,1853
T4228,1903
T4229,2040
T4230,2121
T4231,2052
T4232,1965
T4233,1928
T4234,1928
T4235,1884
T4236,1953
T4237,1828
T4238,1760
T4239,1735
T4240,1723
T4241,1741
T4242,1779
T4243,1828
T4244,1816
T4245,1847
T4246,1810
T4247,1692
T4248,1648
T4249,1629
T4250,1623
T4251,1654
T4252,1692
T4253,1822
T4254,1934
T4255,1934
T4256,1903
T4257,1878
T4258,1872
T4259,1884
T4260,1872
T4261,1847
T4262,1816
T4263,1816
T4264,1828
T4265,1841
T4266,1828
T4267,1828
T4268,1816
T4269,1803
T4270,1772
T4271,1723
T4272,1698
T4273,1673
T4274,1648
T4275,1654
T4276,1636
T4277,1642
T4278,1660
T4279,1729
T4280,1816
T4281,1859
T4282,1891
T4283,1897
T4284,1897
T4285,1853
T4286,1822
T4287,1810
T4288,1810
T4289,1822
T4290,1816
T4291,1822
T4292,1822
T4293,1797
T4294,1766
T4295,1716
T4296,1729
T4297,1729
T4298,1673
T4299,1611
T4300,1586
T4301,1592
T4302,1592
T4303,1642
T4304,1692
T4305,1772
T4306,1828
T4307,1853
T4308,1878
T4309,1903
T4310,1872
T4311,1878
T4312,1903
T4313,1953
T4314,1965
T4315,1978
T4316,1971
T4317,1965
T4318,1953
T4319,1922
T4320,1903
T4321,1897
T4322,1872
T4323,1947
T4324,1971
T4325,1990
T4326,2009
T4327,1971
T4328,1922
T4329,1915
T4330,1928
T4331,1934
T4332,1891
T4333,1866
T4334,1841
T4335,1810
T4336,1816
T4337,1853
T4338,1891
T4339,1903
T4340,1897
T4341,1897
T4342,1853
T4343,1766
T4344,1741
T4345,1760
T4346,1872
T4347,1984
T4348,2009
T4349,2108
T4350,2183
T4351,2121
T4352,2027
T4353,2027
T4354,2034
T4355,2108
T4356,2108
T4357,2071
T4358,2090
T4359,2015
T4360,1984
T4361,2071
T4362,2102
T4363,2146
T4364,2158
T4365,2164
T4366,2170
T4367,2121
T4368,2090
T4369,2102
T4370,2114
T4371,2183
T4372,2264
T4373,2326
T4374,2351
T4375,2251
T4376,2146
T4377,2096
T4378,2046
T4379,2034
T4380,2034
T4381,1984
T4382,1971
T4383,1990
T4384,1953
T4385,1984
T4386,2021
T4387,2027
T4388,2009
T4389,2108
T4390,2052
T4391,1959
T4392,1909
T4393,1928
T4394,1971
T4395,1996
T4396,2046
T4397,2195
T4398,2201
T4399,2183
T4400,2139
T4401,2133
T4402,2096
T4403,2065
T4404,2015
T4405,1996
T4406,1965
T4407,1940
T4408,1940
T4409,2015
T4410,2108
T4411,2058
T4412,2090
T4413,2114
T4414,2146
T4415,2040
T4416,2015
T4417,1965
T4418,1990
T4419,2065
T4420,2164
T4421,2282
T4422,2326
T4423,2295
T4424,2226
T4425,2183
T4426,2139
T4427,2133
T4428,2114
T4429,2027
T4430,2114
T4431,2313
T4432,2481
T4433,2332
T4434,2307
T4435,2313
T4436,2295
T4437,2307
T4438,2295
T4439,2220
T4440,2189
T4441,2152
T4442,2102
T4443,2133
T4444,2164
T4445,2195
T4446,2214
T4447,2295
T4448,2357
T4449,2376
T4450,2469
T4451,2463
T4452,2456
T4453,2506
T4454,2512
T4455,2506
T4456,2481
T4457,2475
T4458,2463
T4459,2425
T4460,2332
T4461,2289
T4462,2239
T4463,2177
T4464,2201
T4465,2208
T4466,2121
T4467,2065
T4468,2040
T4469,2052
T4470,2052
T4471,2083
T4472,2121
T4473,2164
T4474,2226
T4475,2257
T4476,2239
T4477,2170
T4478,2102
T4479,2052
T4480,2058
T4481,2108
T4482,2189
T4483,2239
T4484,2369
T4485,2357
T4486,2345
T4487,2357
T4488,2382
T4489,2388
T4490,2413
T4491,2450
T4492,2438
T4493,2562
T4494,2575
T4495,2494
T4496,2519
T4497,2556
T4498,2494
T4499,2394
T4500,2419
T4501,2407
T4502,2363
T4503,2357
T4504,2400
T4505,2512
T4506,2519
T4507,2593
T4508,2662
T4509,2680
T4510,2599
T4511,2618
T4512,2668
T4513,2705
T4514,2687
T4515,2730
T4516,2749
T4517,2892
T4518,3029
T4519,2848
T4520,2699
T4521,2488
T4522,2488
T4523,2407
T4524,2388
T4525,2425
T4526,2643
T4527,2612
T4528,2836
T4529,3022
T4530,3029
T4531,2898
T4532,2892
T4533,2917
T4534,2923
T4535,2892
T4536,2960
T4537,2985
T4538,3072
T4539,3178
T4540,3203
T4541,3091
T4542,2991
T4543,2898
T4544,2848
T4545,2786
T4546,2662
T4547,2593
T4548,2662
T4549,2575
T4550,2419
T4551,2394
T4552,2407
T4553,2438
T4554,2488
T4555,2587
T4556,2724
T4557,2817
T4558,2854
T4559,2792
T4560,2786
T4561,2817
T4562,2867
T4563,3047
T4564,3159
T4565,3097
T4566,2917
T4567,2743
T4568,2593
T4569,2506
T4570,2407
T4571,2345
T4572,2332
T4573,2282
T4574,2295
T4575,2251
T4576,2270
T4577,2313
T4578,2444
T4579,2544
T4580,2562
T4581,2705
T4582,2718
T4583,2687
T4584,2693
T4585,2711
T4586,2786
T4587,2923
T4588,2985
T4589,2836
T4590,2718
T4591,2693
T4592,2693
T4593,2693
T4594,2780
T4595,2917
T4596,3103
T4597,2979
T4598,2848
T4599,2867
T4600,3228
T4601,3147
T4602,2867
T4603,2879
T4604,2948
T4605,3072
T4606,3060
T4607,2935
T4608,2830
T4609,2830
T4610,2823
T4611,2979
T4612,3041
T4613,2892
T4614,2711
T4615,2643
T4616,2612
T4617,2593
T4618,2562
T4619,2544
T4620,2475
T4621,2400
T4622,2363
T4623,2332
T4624,2463
T4625,2400
T4626,2463
T4627,2544
T4628,2687
T4629,2730
T4630,2836
T4631,2873
T4632,3035
T4633,3097
T4634,3035
T4635,3016
T4636,3029
T4637,2879
T4638,2761
T4639,2743
T4640,2687
T4641,2687
T4642,2680
T4643,2500
T4644,2376
T4645,2363
T4646,2413
T4647,2438
T4648,2400
T4649,2456
T4650,2494
T4651,2581
T4652,2606
T4653,2575
T4654,2512
T4655,2531
T4656,2599
T4657,2649
T4658,2687
T4659,2798
T4660,2898
T4661,2892
T4662,2817
T4663,2705
T4664,2743
T4665,2761
T4666,2624
T4667,2488
T4668,2357
T4669,2289
T4670,2289
T4671,2264
T4672,2282
T4673,2282
T4674,2338
T4675,2382
T4676,2438
T4677,2512
T4678,2456
T4679,2438
T4680,2469
T4681,2531
T4682,2469
T4683,2512
T4684,2568
T4685,2593
T4686,2537
T4687,2388
T4688,2313
T4689,2239
T4690,2158
T4691,2121
T4692,2096
T4693,2065
T4694,2058
T4695,2114
T4696,2114
T4697,2177
T4698,2201
T4699,2233
T4700,2270
T4701,2251
T4702,2195
T4703,2170
T4704,2133
T4705,2164
T4706,2183
T4707,2245
T4708,2338
T4709,2438
T4710,2475
T4711,2432
T4712,2400
T4713,2332
T4714,2226
T4715,2220
T4716,2251
T4717,2208
T4718,2177
T4719,2121
T4720,2152
T4721,2295
T4722,2456
T4723,2456
T4724,2456
T4725,2444
T4726,2413
T4727,2394
T4728,2388
T4729,2413
T4730,2413
T4731,2450
T4732,2575
T4733,2637
T4734,2481
T4735,2469
T4736,2531
T4737,2425
T4738,2351
T4739,2295
T4740,2270
T4741,2245
T4742,2233
T4743,2189
T4744,2226
T4745,2264
T4746,2295
T4747,2332
T4748,2419
T4749,2475
T4750,2481
T4751,2425
T4752,2382
T4753,2351
T4754,2326
T4755,2363
T4756,2469
T4757,2432
T4758,2413
T4759,2357
T4760,2313
T4761,2270
T4762,2226
T4763,2189
T4764,2170
T4765,2152
T4766,2102
T4767,2090
T4768,2083
T4769,2077
T4770,2071
T4771,2077
T4772,2071
T4773,2090
T4774,2177
T4775,2201
T4776,2226
T4777,2233
T4778,2257
T4779,2295
T4780,2313
T4781,2195
T4782,2065
T4783,2040
T4784,2027
T4785,2002
T4786,2027
T4787,2046
T4788,2040
T4789,2009
T4790,2015
T4791,1990
T4792,1978
T4793,2002
T4794,1996
T4795,2009
T4796,2009
T4797,2009
T4798,1984
T4799,1959
T4800,1996
T4801,1990
T4802,1909
T4803,1853
T4804,1822
T4805,1835
T4806,1841
T4807,1878
T4808,1897
T4809,1940
T4810,2002
T4811,2009
T4812,2009
T4813,1971
T4814,1959
T4815,1959
T4816,1990
T4817,1996
T4818,2002
T4819,2002
T4820,1996
T4821,1965
T4822,1903
T4823,1866
T4824,1847
T4825,1828
T4826,1828
T4827,1859
T4828,1903
T4829,2002
T4830,2052
T4831,2139
T4832,2170
T4833,2189
T4834,2114
T4835,2090
T4836,2077
T4837,1791
T4838,1723
T4839,1723
T4840,1710
T4841,1735
T4842,1785
T4843,1810
T4844,1822
T4845,1922
T4846,1928
T4847,1909
T4848,1928
T4849,1965
T4850,2034
T4851,2189
T4852,2270
T4853,2239
T4854,2164
T4855,2071
T4856,1990
T4857,1947
T4858,1940
T4859,1922
T4860,1909
T4861,1872
T4862,1810
T4863,1772
T4864,1779
T4865,1816
T4866,1878
T4867,1909
T4868,2034
T4869,2096
T4870,2071
T4871,2052
T4872,2077
T4873,2121
T4874,2146
T4875,2295
T4876,2438
T4877,2394
T4878,2245
T4879,2146
T4880,2096
T4881,2058
T4882,1996
T4883,1965
T4884,1934
T4885,1897
T4886,1866
T4887,1816
T4888,1841
T4889,1903
T4890,1928
T4891,2015
T4892,2058
T4893,2065
T4894,2058
T4895,2071
T4896,2114
T4897,2164
T4898,2214
T4899,2363
T4900,2506
T4901,2488
T4902,2332
T4903,2201
T4904,2102
T4905,2002
T4906,1940
T4907,1915
T4908,1884
T4909,1853
T4910,1791
T4911,1810
T4912,1816
T4913,1878
T4914,1947
T4915,1996
T4916,1965
T4917,1903
T4918,1853
T4919,1922
T4920,1947
T4921,1947
T4922,1897
T4923,1922
T4924,1971
T4925,2077
T4926,2152
T4927,2189
T4928,2139
T4929,2090
T4930,1990
T4931,2021
T4932,2002
T4933,1947
T4934,1897
T4935,1847
T4936,1853
T4937,1866
T4938,1922
T4939,1953
T4940,2002
T4941,2077
T4942,2071
T4943,2040
T4944,2052
T4945,2065
T4946,2121
T4947,2270
T4948,2400
T4949,2276
T4950,2102
T4951,2021
T4952,1990
T4953,1990
T4954,1922
T4955,1897
T4956,1853
T4957,1810
T4958,1779
T4959,1766
T4960,1760
T4961,1803
T4962,1810
T4963,1810
T4964,1803
T4965,1772
T4966,1710
T4967,1673
T4968,1692
T4969,1667
T4970,1598
T4971,1567
T4972,1580
T4973,1580
T4974,1592
T4975,1636
T4976,1704
T4977,1741
T4978,1785
T4979,1828
T4980,1915
T4981,1990
T4982,1878
T4983,1835
T4984,1816
T4985,1835
T4986,1859
T4987,1847
T4988,1866
T4989,1909
T4990,1922
T4991,1915
T4992,1928
T4993,1922
T4994,1928
T4995,1990
T4996,2096
T4997,2108
T4998,2034
T4999,1996
T5000,1922
T5001,1891
T5002,1847
T5003,1859
T5004,1822
T5005,1810
T5006,1785
T5007,1754
T5008,1754
T5009,1822
T5010,1884
T5011,1872
T5012,1866
T5013,1841
T5014,1766
T5015,1679
T5016,1642
T5017,1642
T5018,1629
T5019,1673
T5020,1723
T5021,1810
T5022,1835
T5023,1797
T5024,1760
T5025,1779
T5026,1779
T5027,1760
T5028,1723
T5029,1710
T5030,1698
T5031,1704
T5032,1710
T5033,1766
T5034,1785
T5035,1841
T5036,1903
T5037,1971
T5038,1971
T5039,1922
T5040,1909
T5041,1903
T5042,1947
T5043,2015
T5044,2040
T5045,2090
T5046,2121
T5047,2058
T5048,2015
T5049,2009
T5050,2040
T5051,1990
T5052,1940
T5053,1971
T5054,2015
T5055,1990
T5056,1990
T5057,2040
T5058,2226
T5059,2407
T5060,2407
T5061,2320
T5062,2282
T5063,2239
T5064,2164
T5065,2133
T5066,2133
T5067,2233
T5068,2313
T5069,2432
T5070,2599
T5071,2581
T5072,2537
T5073,2512
T5074,2450
T5075,2345
T5076,2220
T5077,2201
T5078,2146
T5079,2108
T5080,2034
T5081,2071
T5082,2127
T5083,2183
T5084,2289
T5085,2351
T5086,2338
T5087,2320
T5088,2307
T5089,2214
T5090,2189
T5091,2257
T5092,2394
T5093,2488
T5094,2562
T5095,2606
T5096,2556
T5097,2450
T5098,2282
T5099,2214
T5100,2065
T5101,1978
T5102,1915
T5103,1841
T5104,1822
T5105,1822
T5106,1835
T5107,1847
T5108,1915
T5109,1940
T5110,1934
T5111,1922
T5112,1915
T5113,1971
T5114,1984
T5115,2027
T5116,2090
T5117,2034
T5118,1853
T5119,1797
T5120,1810
T5121,1841
T5122,1872
T5123,1872
T5124,1847
T5125,1797
T5126,1779
T5127,1741
T5128,1741
T5129,1748
T5130,1766
T5131,1766
T5132,1748
T5133,1729
T5134,1685
T5135,1642
T5136,1629
T5137,1636
T5138,1586
T5139,1536
T5140,1530
T5141,1561
T5142,1586
T5143,1617
T5144,1692
T5145,1735
T5146,1760
T5147,1797
T5148,1754
T5149,1729
T5150,1785
T5151,1797
T5152,1779
T5153,1810
T5154,1835
T5155,1810
T5156,1791
T5157,1754
T5158,1667
T5159,1692
T5160,1679
T5161,1685
T5162,1692
T5163,1785
T5164,1915
T5165,2034
T5166,2065
T5167,2021
T5168,1947
T5169,1915
T5170,1897
T5171,1884
T5172,1878
T5173,1859
T5174,1779
T5175,1760
T5176,1741
T5177,1797
T5178,1853
T5179,1878
T5180,1953
T5181,1965
T5182,1878
T5183,1816
T5184,1816
T5185,1872
T5186,1934
T5187,2052
T5188,2208
T5189,2289
T5190,2270
T5191,2201
T5192,2102
T5193,1934
T5194,1866
T5195,1841
T5196,1822
T5197,1835
T5198,1785
T5199,1748
T5200,1760
T5201,1791
T5202,1841
T5203,1891
T5204,1903
T5205,1984
T5206,1928
T5207,1922
T5208,1940
T5209,1953
T5210,1984
T5211,2027
T5212,2071
T5213,2133
T5214,2139
T5215,2052
T5216,2002
T5217,1947
T5218,1878
T5219,1822
T5220,1785
T5221,1772
T5222,1735
T5223,1723
T5224,1735
T5225,1772
T5226,1803
T5227,1803
T5228,1779
T5229,1748
T5230,1679
T5231,1580
T5232,1536
T5233,1548
T5234,1542
T5235,1660
T5236,1754
T5237,1841
T5238,1853
T5239,1810
T5240,1803
T5241,1735
T5242,1741
T5243,1723
T5244,1698
T5245,1685
T5246,1642
T5247,1629
T5248,1629
T5249,1710
T5250,1772
T5251,1766
T5252,1723
T5253,1673
T5254,1611
T5255,1524
T5256,1486
T5257,1455
T5258,1437
T5259,1486
T5260,1567
T5261,1654
T5262,1698
T5263,1692
T5264,1692
T5265,1679
T5266,1623
T5267,1636
T5268,1636
T5269,1629
T5270,1636
T5271,1604
T5272,1611
T5273,1636
T5274,1617
T5275,1636
T5276,1598
T5277,1598
T5278,1536
T5279,1505
T5280,1474
T5281,1443
T5282,1424
T5283,1424
T5284,1449
T5285,1437
T5286,1455
T5287,1493
T5288,1561
T5289,1604
T5290,1679
T5291,1698
T5292,1704
T5293,1667
T5294,1617
T5295,1567
T5296,1573
T5297,1561
T5298,1573
T5299,1567
T5300,1548
T5301,1542
T5302,1505
T5303,1455
T5304,1480
T5305,1474
T5306,1437
T5307,1399
T5308,1381
T5309,1405
T5310,1405
T5311,1443
T5312,1499
T5313,1524
T5314,1567
T5315,1580
T5316,1592
T5317,1580
T5318,1536
T5319,1536
T5320,1530
T5321,1536
T5322,1548
T5323,1580
T5324,1617
T5325,1586
T5326,1524
T5327,1461
T5328,1430
T5329,1349
T5330,1312
T5331,1337
T5332,1362
T5333,1474
T5334,1573
T5335,1592
T5336,1530
T5337,1536
T5338,1548
T5339,1511
T5340,1468
T5341,1461
T5342,1486
T5343,1493
T5344,1493
T5345,1548
T5346,1604
T5347,1629
T5348,1623
T5349,1598
T5350,1517
T5351,1449
T5352,1393
T5353,1387
T5354,1356
T5355,1356
T5356,1399
T5357,1517
T5358,1604
T5359,1592
T5360,1592
T5361,1592
T5362,1592
T5363,1567
T5364,1524
T5365,1517
T5366,1505
T5367,1517
T5368,1536
T5369,1592
T5370,1636
T5371,1642
T5372,1648
T5373,1629
T5374,1573
T5375,1511
T5376,1455
T5377,1424
T5378,1399
T5379,1430
T5380,1493
T5381,1623
T5382,1710
T5383,1698
T5384,1673
T5385,1654
T5386,1604
T5387,1586
T5388,1580
T5389,1530
T5390,1517
T5391,1524
T5392,1573
T5393,1623
T5394,1673
T5395,1692
T5396,1685
T5397,1654
T5398,1567
T5399,1486
T5400,1443
T5401,1443
T5402,1430
T5403,1474
T5404,1536
T5405,1685
T5406,1779
T5407,1729
T5408,1667
T5409,1623
T5410,1586
T5411,1586
T5412,1548
T5413,1536
T5414,1524
T5415,1524
T5416,1573
T5417,1636
T5418,1692
T5419,1685
T5420,1654
T5421,1660
T5422,1604
T5423,1548
T5424,1480
T5425,1468
T5426,1474
T5427,1561
T5428,1654
T5429,1835
T5430,1841
T5431,1735
T5432,1667
T5433,1654
T5434,1617
T5435,1586
T5436,1561
T5437,1555
T5438,1536
T5439,1542
T5440,1567
T5441,1580
T5442,1561
T5443,1580
T5444,1567
T5445,1517
T5446,1493
T5447,1449
T5448,1424
T5449,1405
T5450,1399
T5451,1437
T5452,1455
T5453,1455
T5454,1468
T5455,1486
T5456,1548
T5457,1629
T5458,1623
T5459,1604
T5460,1592
T5461,1592
T5462,1561
T5463,1530
T5464,1524
T5465,1536
T5466,1524
T5467,1493
T5468,1517
T5469,1499
T5470,1455
T5471,1412
T5472,1430
T5473,1399
T5474,1374
T5475,1349
T5476,1349
T5477,1374
T5478,1356
T5479,1387
T5480,1461
T5481,1536
T5482,1548
T5483,1542
T5484,1530
T5485,1524
T5486,1474
T5487,1468
T5488,1486
T5489,1542
T5490,1580
T5491,1580
T5492,1592
T5493,1580
T5494,1486
T5495,1412
T5496,1412
T5497,1399
T5498,1356
T5499,1287
T5500,1312
T5501,1505
T5502,1810
T5503,1555
T5504,1486
T5505,1418
T5506,1474
T5507,1437
T5508,1418
T5509,1387
T5510,1412
T5511,1443
T5512,1430
T5513,1461
T5514,1530
T5515,1561
T5516,1555
T5517,1524
T5518,1468
T5519,1368
T5520,1300
T5521,1287
T5522,1269
T5523,1300
T5524,1343
T5525,1511
T5526,1586
T5527,1524
T5528,1505
T5529,1493
T5530,1505
T5531,1493
T5532,1474
T5533,1437
T5534,1474
T5535,1468
T5536,1474
T5537,1542
T5538,1592
T5539,1604
T5540,1586
T5541,1542
T5542,1461
T5543,1374
T5544,1325
T5545,1294
T5546,1275
T5547,1312
T5548,1356
T5549,1517
T5550,1629
T5551,1555
T5552,1536
T5553,1530
T5554,1530
T5555,1517
T5556,1505
T5557,1505
T5558,1486
T5559,1524
T5560,1548
T5561,1592
T5562,1617
T5563,1636
T5564,1617
T5565,1580
T5566,1517
T5567,1437
T5568,1393
T5569,1356
T5570,1318
T5571,1381
T5572,1449
T5573,1561
T5574,1654
T5575,1580
T5576,1536
T5577,1548
T5578,1536
T5579,1530
T5580,1536
T5581,1536
T5582,1536
T5583,1530
T5584,1586
T5585,1673
T5586,1723
T5587,1735
T5588,1704
T5589,1636
T5590,1548
T5591,1449
T5592,1387
T5593,1374
T5594,1362
T5595,1399
T5596,1455
T5597,1580
T5598,1692
T5599,1710
T5600,1667
T5601,1623
T5602,1623
T5603,1636
T5604,1648
T5605,1660
T5606,1648
T5607,1642
T5608,1642
T5609,1648
T5610,1667
T5611,1673
T5612,1623
T5613,1586
T5614,1524
T5615,1480
T5616,1405
T5617,1381
T5618,1362
T5619,1381
T5620,1381
T5621,1387
T5622,1405
T5623,1499
T5624,1580
T5625,1667
T5626,1729
T5627,1754
T5628,1735
T5629,1679
T5630,1654
T5631,1648
T5632,1648
T5633,1654
T5634,1648
T5635,1660
T5636,1636
T5637,1592
T5638,1573
T5639,1511
T5640,1542
T5641,1555
T5642,1511
T5643,1480
T5644,1474
T5645,1505
T5646,1493
T5647,1542
T5648,1617
T5649,1698
T5650,1729
T5651,1741
T5652,1803
T5653,1760
T5654,1748
T5655,1723
T5656,1723
T5657,1772
T5658,1822
T5659,1835
T5660,1847
T5661,1816
T5662,1772
T5663,1704
T5664,1760
T5665,1766
T5666,1766
T5667,1810
T5668,1965
T5669,2158
T5670,2245
T5671,2139
T5672,2077
T5673,1996
T5674,1909
T5675,1847
T5676,1735
T5677,1729
T5678,1735
T5679,1710
T5680,1772
T5681,1853
T5682,1915
T5683,1940
T5684,1965
T5685,1953
T5686,1891
T5687,1866
T5688,1791
T5689,1791
T5690,1772
T5691,1835
T5692,2002
T5693,2338
T5694,2500
T5695,2357
T5696,2139
T5697,2083
T5698,2002
T5699,1915
T5700,1859
T5701,1810
T5702,1772
T5703,1754
T5704,1766
T5705,1884
T5706,1996
T5707,2015
T5708,1996
T5709,1934
T5710,1841
T5711,1841
T5712,1841
T5713,1810
T5714,1685
T5715,1735
T5716,1748
T5717,1884
T5718,2040
T5719,2040
T5720,1891
T5721,1853
T5722,1841
T5723,1810
T5724,1779
T5725,1772
T5726,1735
T5727,1716
T5728,1754
T5729,1810
T5730,1872
T5731,1884
T5732,1915
T5733,1897
T5734,1797
T5735,1729
T5736,1673
T5737,1679
T5738,1685
T5739,1754
T5740,1828
T5741,2015
T5742,2239
T5743,2301
T5744,2419
T5745,2251
T5746,2170
T5747,2077
T5748,2114
T5749,2034
T5750,2071
T5751,2257
T5752,2233
T5753,2276
T5754,2289
T5755,2357
T5756,2382
T5757,2276
T5758,2158
T5759,2096
T5760,2034
T5761,1990
T5762,1990
T5763,2071
T5764,2189
T5765,2400
T5766,2525
T5767,2506
T5768,2332
T5769,2257
T5770,2146
T5771,2114
T5772,2214
T5773,2133
T5774,2090
T5775,2108
T5776,2301
T5777,2338
T5778,2400
T5779,2444
T5780,2351
T5781,2264
T5782,2164
T5783,2083
T5784,1934
T5785,1990
T5786,2002
T5787,2090
T5788,2146
T5789,2164
T5790,2158
T5791,2289
T5792,2544
T5793,2593
T5794,2400
T5795,2313
T5796,2251
T5797,2114
T5798,2065
T5799,2046
T5800,2133
T5801,2034
T5802,2071
T5803,2146
T5804,2170
T5805,2208
T5806,2164
T5807,2133
T5808,2189
T5809,2208
T5810,2208
T5811,2245
T5812,2307
T5813,2369
T5814,2301
T5815,2127
T5816,2034
T5817,2040
T5818,2077
T5819,2052
T5820,2127
T5821,2046
T5822,2002
T5823,1984
T5824,1990
T5825,2058
T5826,2183
T5827,2382
T5828,2531
T5829,2475
T5830,2338
T5831,2245
T5832,2226
T5833,2164
T5834,2170
T5835,2214
T5836,2357
T5837,2643
T5838,2761
T5839,2587
T5840,2432
T5841,2313
T5842,2369
T5843,2264
T5844,2208
T5845,2170
T5846,2127
T5847,2108
T5848,2127
T5849,2201
T5850,2282
T5851,2419
T5852,2488
T5853,2469
T5854,2419
T5855,2369
T5856,2326
T5857,2376
T5858,2432
T5859,2599
T5860,2817
T5861,3091
T5862,3147
T5863,2867
T5864,2575
T5865,2500
T5866,2369
T5867,2251
T5868,2127
T5869,2034
T5870,1928
T5871,1915
T5872,2034
T5873,2133
T5874,2301
T5875,2506
T5876,2450
T5877,2332
T5878,2201
T5879,2127
T5880,2114
T5881,2127
T5882,2189
T5883,2332
T5884,2494
T5885,2699
T5886,2823
T5887,2718
T5888,2575
T5889,2351
T5890,2226
T5891,2133
T5892,2052
T5893,1996
T5894,2046
T5895,2046
T5896,2146
T5897,2438
T5898,2456
T5899,2481
T5900,2444
T5901,2363
T5902,2264
T5903,2214
T5904,2195
T5905,2189
T5906,2245
T5907,2382
T5908,2550
T5909,2767
T5910,2830
T5911,2599
T5912,2357
T5913,2146
T5914,2127
T5915,2071
T5916,1978
T5917,1953
T5918,1915
T5919,1922
T5920,1984
T5921,2083
T5922,2177
T5923,2195
T5924,2332
T5925,2388
T5926,2226
T5927,2083
T5928,1971
T5929,1922
T5930,1922
T5931,2077
T5932,2233
T5933,2438
T5934,2531
T5935,2537
T5936,2369
T5937,2170
T5938,2077
T5939,2052
T5940,2009
T5941,2002
T5942,2034
T5943,2046
T5944,2046
T5945,2058
T5946,2108
T5947,2146
T5948,2146
T5949,2208
T5950,2170
T5951,2114
T5952,2046
T5953,2027
T5954,2015
T5955,2046
T5956,2114
T5957,2195
T5958,2264
T5959,2345
T5960,2394
T5961,2357
T5962,2357
T5963,2494
T5964,2488
T5965,2338
T5966,2239
T5967,2183
T5968,2276
T5969,2301
T5970,2407
T5971,2618
T5972,2618
T5973,2718
T5974,2699
T5975,2674
T5976,2736
T5977,2749
T5978,2705
T5979,2718
T5980,2842
T5981,2923
T5982,2942
T5983,2867
T5984,2749
T5985,2631
T5986,2593
T5987,2562
T5988,2537
T5989,2537
T5990,2450
T5991,2475
T5992,2544
T5993,2624
T5994,2842
T5995,2985
T5996,2991
T5997,2985
T5998,2942
T5999,2910
T6000,2910
T6001,2898
T6002,2929
T6003,3010
T6004,3215
T6005,3396
T6006,3358
T6007,3103
T6008,2830
T6009,2606
T6010,2438
T6011,2338
T6012,2220
T6013,2201
T6014,2201
T6015,2177
T6016,2276
T6017,2407
T6018,2550
T6019,2674
T6020,2662
T6021,2575
T6022,2450
T6023,2326
T6024,2245
T6025,2214
T6026,2164
T6027,2189
T6028,2388
T6029,2705
T6030,2898
T6031,2761
T6032,2637
T6033,2469
T6034,2382
T6035,2289
T6036,2158
T6037,2096
T6038,2058
T6039,2052
T6040,2114
T6041,2214
T6042,2357
T6043,2469
T6044,2475
T6045,2456
T6046,2407
T6047,2301
T6048,2264
T6049,2320
T6050,2313
T6051,2332
T6052,2425
T6053,2643
T6054,2637
T6055,2512
T6056,2388
T6057,2239
T6058,2201
T6059,2226
T6060,2214
T6061,2146
T6062,2158
T6063,2233
T6064,2251
T6065,2394
T6066,2643
T6067,2792
T6068,2736
T6069,2730
T6070,2693
T6071,2587
T6072,2581
T6073,2587
T6074,2575
T6075,2761
T6076,2942
T6077,3196
T6078,3464
T6079,3296
T6080,3022
T6081,2948
T6082,2792
T6083,2668
T6084,2506
T6085,2506
T6086,2438
T6087,2376
T6088,2481
T6089,2637
T6090,2879
T6091,3047
T6092,3053
T6093,3010
T6094,3010
T6095,2973
T6096,3004
T6097,2997
T6098,2948
T6099,3134
T6100,3364
T6101,3601
T6102,3632
T6103,3439
T6104,3103
T6105,2886
T6106,2649
T6107,2537
T6108,2544
T6109,2463
T6110,2376
T6111,2376
T6112,2456
T6113,2556
T6114,2780
T6115,2718
T6116,2674
T6117,2618
T6118,2587
T6119,2531
T6120,2425
T6121,2469
T6122,2488
T6123,2506
T6124,2475
T6125,2562
T6126,2631
T6127,2649
T6128,2655
T6129,2581
T6130,2531
T6131,2475
T6132,2469
T6133,2438
T6134,2326
T6135,2724
T6136,2948
T6137,2854
T6138,2991
T6139,3004
T6140,2997
T6141,2966
T6142,2823
T6143,2730
T6144,2811
T6145,2879
T6146,2798
T6147,2749
T6148,2836
T6149,2917
T6150,2910
T6151,2767
T6152,2674
T6153,2705
T6154,2593
T6155,2575
T6156,2581
T6157,2736
T6158,2544
T6159,2450
T6160,2425
T6161,2525
T6162,2568
T6163,2500
T6164,2463
T6165,2400
T6166,2289
T6167,2195
T6168,2214
T6169,2189
T6170,2220
T6171,2469
T6172,2631
T6173,2817
T6174,3147
T6175,2954
T6176,2730
T6177,2512
T6178,2313
T6179,2189
T6180,2090
T6181,2002
T6182,1984
T6183,1922
T6184,1915
T6185,2052
T6186,2195
T6187,2270
T6188,2251
T6189,2214
T6190,2189
T6191,2114
T6192,2114
T6193,2164
T6194,2170
T6195,2282
T6196,2432
T6197,2687
T6198,2780
T6199,2581
T6200,2320
T6201,2133
T6202,2052
T6203,1909
T6204,1866
T6205,1853
T6206,1859
T6207,1822
T6208,1841
T6209,1947
T6210,2083
T6211,2152
T6212,2133
T6213,2052
T6214,1947
T6215,1934
T6216,1928
T6217,1909
T6218,1903
T6219,2002
T6220,2114
T6221,2388
T6222,2525
T6223,2382
T6224,2220
T6225,2108
T6226,2046
T6227,2034
T6228,1990
T6229,2021
T6230,1984
T6231,1984
T6232,2121
T6233,2289
T6234,2649
T6235,2699
T6236,2680
T6237,2618
T6238,2537
T6239,2519
T6240,2550
T6241,2662
T6242,2761
T6243,3029
T6244,3340
T6245,3644
T6246,3881
T6247,3756
T6248,3433
T6249,3234
T6250,2948
T6251,2830
T6252,2711
T6253,2649
T6254,2550
T6255,2637
T6256,2736
T6257,3053
T6258,3383
T6259,3483
T6260,3489
T6261,3464
T6262,3389
T6263,3346
T6264,3352
T6265,3420
T6266,3514
T6267,3688
T6268,3943
T6269,4279
T6270,4527
T6271,4067
T6272,3501
T6273,3141
T6274,2879
T6275,2736
T6276,2599
T6277,2488
T6278,2425
T6279,2438
T6280,2544
T6281,2892
T6282,3346
T6283,3396
T6284,3352
T6285,3358
T6286,3315
T6287,3290
T6288,3234
T6289,3271
T6290,3333
T6291,3433
T6292,3507
T6293,3601
T6294,3700
T6295,3526
T6296,3116
T6297,2966
T6298,3016
T6299,2923
T6300,2761
T6301,2624
T6302,2556
T6303,2593
T6304,2668
T6305,2867
T6306,3134
T6307,3172
T6308,3134
T6309,3109
T6310,3016
T6311,2997
T6312,3072
T6313,3141
T6314,3103
T6315,3004
T6316,2948
T6317,2954
T6318,2973
T6319,3047
T6320,3078
T6321,3072
T6322,3060
T6323,3041
T6324,2960
T6325,2842
T6326,2724
T6327,2668
T6328,2730
T6329,2979
T6330,3389
T6331,3433
T6332,3402
T6333,3240
T6334,2960
T6335,2817
T6336,2792
T6337,2774
T6338,2761
T6339,2842
T6340,3047
T6341,3333
T6342,3526
T6343,3451
T6344,3116
T6345,2823
T6346,2767
T6347,2662
T6348,2612
T6349,2500
T6350,2376
T6351,2438
T6352,2481
T6353,2767
T6354,3134
T6355,3147
T6356,3116
T6357,3134
T6358,3103
T6359,3016
T6360,2991
T6361,3053
T6362,3091
T6363,3271
T6364,3557
T6365,3943
T6366,4067
T6367,3644
T6368,3134
T6369,2854
T6370,2730
T6371,2599
T6372,2407
T6373,2257
T6374,2114
T6375,2096
T6376,2208
T6377,2419
T6378,2736
T6379,2873
T6380,2842
T6381,2761
T6382,2699
T6383,2655
T6384,2668
T6385,2743
T6386,2755
T6387,2867
T6388,3004
T6389,3284
T6390,3545
T6391,3414
T6392,2997
T6393,2599
T6394,2407
T6395,2264
T6396,2121
T6397,2058
T6398,2021
T6399,2040
T6400,2083
T6401,2214
T6402,2506
T6403,2631
T6404,2550
T6405,2519
T6406,2407
T6407,2301
T6408,2233
T6409,2201
T6410,2146
T6411,2170
T6412,2282
T6413,2488
T6414,2599
T6415,2525
T6416,2438
T6417,2655
T6418,2382
T6419,2270
T6420,2276
T6421,2139
T6422,2090
T6423,2177
T6424,2313
T6425,2581
T6426,2997
T6427,3116
T6428,3122
T6429,3053
T6430,2991
T6431,2917
T6432,2898
T6433,2774
T6434,2593
T6435,2655
T6436,2848
T6437,3159
T6438,3296
T6439,3290
T6440,3259
T6441,3290
T6442,3396
T6443,3315
T6444,3265
T6445,3321
T6446,3308
T6447,3302
T6448,3371
T6449,3458
T6450,3433
T6451,3489
T6452,3427
T6453,3265
T6454,3078
T6455,2997
T6456,2966
T6457,2917
T6458,2917
T6459,2954
T6460,2966
T6461,3029
T6462,3190
T6463,3308
T6464,3340
T6465,3271
T6466,3246
T6467,3234
T6468,3246
T6469,3103
T6470,3053
T6471,3072
T6472,3128
T6473,3072
T6474,3060
T6475,3016
T6476,2848
T6477,2724
T6478,2612
T6479,2544
T6480,2562
T6481,2537
T6482,2425
T6483,2388
T6484,2407
T6485,2469
T6486,2537
T6487,2637
T6488,2631
T6489,2612
T6490,2550
T6491,2425
T6492,2301
T6493,2201
T6494,2170
T6495,2152
T6496,2239
T6497,2394
T6498,2556
T6499,2587
T6500,2544
T6501,2475
T6502,2357
T6503,2307
T6504,2289
T6505,2208
T6506,2195
T6507,2313
T6508,2525
T6509,2848
T6510,2991
T6511,3004
T6512,3091
T6513,2898
T6514,2948
T6515,2985
T6516,2861
T6517,2948
T6518,3103
T6519,3147
T6520,3221
T6521,3327
T6522,3613
T6523,3725
T6524,3675
T6525,3539
T6526,3221
T6527,3041
T6528,2966
T6529,2848
T6530,2848
T6531,3097
T6532,3433
T6533,3781
T6534,4111
T6535,3874
T6536,3402
T6537,3066
T6538,2792
T6539,2749
T6540,2674
T6541,2581
T6542,2537
T6543,2568
T6544,2780
T6545,3134
T6546,3451
T6547,3526
T6548,3470
T6549,3420
T6550,3246
T6551,3091
T6552,3060
T6553,3097
T6554,3078
T6555,3228
T6556,3476
T6557,3794
T6558,3955
T6559,3532
T6560,3240
T6561,2929
T6562,2736
T6563,2649
T6564,2699
T6565,2655
T6566,2606
T6567,2649
T6568,2805
T6569,3147
T6570,3371
T6571,3383
T6572,3371
T6573,3221
T6574,3072
T6575,2979
T6576,2879
T6577,2848
T6578,2842
T6579,2960
T6580,3389
T6581,3918
T6582,4192
T6583,4080
T6584,3775
T6585,3489
T6586,3296
T6587,3271
T6588,3308
T6589,3196
T6590,3128
T6591,3190
T6592,3265
T6593,3358
T6594,3501
T6595,3507
T6596,3458
T6597,3340
T6598,3134
T6599,2910
T6600,2823
T6601,2749
T6602,2718
T6603,2817
T6604,2985
T6605,3333
T6606,3526
T6607,3514
T6608,3383
T6609,3252
T6610,3122
T6611,3085
T6612,3035
T6613,3203
T6614,3234
T6615,3358
T6616,3333
T6617,3408
T6618,3483
T6619,3495
T6620,3377
T6621,3215
T6622,3047
T6623,2935
T6624,2867
T6625,2836
T6626,2848
T6627,2923
T6628,3035
T6629,3066
T6630,3134
T6631,3209
T6632,3308
T6633,3228
T6634,3091
T6635,2917
T6636,2923
T6637,2985
T6638,3029
T6639,3103
T6640,3147
T6641,3141
T6642,3159
T6643,3066
T6644,3016
T6645,2904
T6646,2805
T6647,2730
T6648,2749
T6649,2668
T6650,2606
T6651,2593
T6652,2618
T6653,2724
T6654,2767
T6655,2898
T6656,3078
T6657,3358
T6658,3433
T6659,3464
T6660,3340
T6661,3240
T6662,3041
T6663,3066
T6664,3190
T6665,3588
T6666,3800
T6667,3806
T6668,3775
T6669,3638
T6670,3408
T6671,3402
T6672,3427
T6673,3563
T6674,3638
T6675,3806
T6676,3974
T6677,4378
T6678,4446
T6679,4353
T6680,4011
T6681,3476
T6682,3234
T6683,3122
T6684,2879
T6685,2761
T6686,2755
T6687,2805
T6688,3060
T6689,3371
T6690,3595
T6691,3588
T6692,3489
T6693,3364
T6694,3103
T6695,3221
T6696,3259
T6697,3277
T6698,3302
T6699,3607
T6700,3912
T6701,4328
T6702,4795
T6703,4552
T6704,4216
T6705,3794
T6706,3433
T6707,3340
T6708,3358
T6709,3520
T6710,3613
T6711,3663
T6712,3750
T6713,3912
T6714,4024
T6715,3974
T6716,3968
T6717,3700
T6718,3427
T6719,3284
T6720,3327
T6721,3445
T6722,3464
T6723,3551
T6724,3812
T6725,4260
T6726,4521
T6727,4422
T6728,4310
T6729,4092
T6730,3750
T6731,3601
T6732,3483
T6733,3445
T6734,3582
T6735,3582
T6736,3856
T6737,4148
T6738,4235
T6739,4210
T6740,4247
T6741,4179
T6742,3986
T6743,3794
T6744,3706
T6745,3868
T6746,4061
T6747,4030
T6748,4117
T6749,4484
T6750,4776
T6751,4664
T6752,4403
T6753,4154
T6754,3924
T6755,3974
T6756,4080
T6757,4148
T6758,4216
T6759,4415
T6760,4751
T6761,4832
T6762,4708
T6763,4459
T6764,4210
T6765,4005
T6766,3738
T6767,3501
T6768,3750
T6769,3930
T6770,4316
T6771,4552
T6772,4776
T6773,5261
T6774,5746
T6775,5603
T6776,5081
T6777,4521
T6778,4291
T6779,4160
T6780,3924
T6781,3775
T6782,3800
T6783,3968
T6784,4185
T6785,4471
T6786,4502
T6787,4496
T6788,4359
T6789,4167
T6790,4067
T6791,3949
T6792,3924
T6793,3881
T6794,3949
T6795,4092
T6796,4198
T6797,4403
T6798,4658
T6799,4988
T6800,5224
T6801,5093
T6802,4876
T6803,4683
T6804,4583
T6805,4627
T6806,4888
T6807,5168
T6808,5155
T6809,5410
T6810,5659
T6811,5665
T6812,5566
T6813,5379
T6814,5230
T6815,5075
T6816,5056
T6817,5019
T6818,4919
T6819,4925
T6820,5106
T6821,5317
T6822,5578
T6823,5585
T6824,5249
T6825,5118
T6826,4876
T6827,4645
T6828,4403
T6829,4310
T6830,4303
T6831,4453
T6832,4888
T6833,5348
T6834,5728
T6835,5802
T6836,5659
T6837,5603
T6838,5497
T6839,5516
T6840,5622
T6841,5553
T6842,5734
T6843,5840
T6844,6007
T6845,6791
T6846,6810
T6847,7040
T6848,6368
T6849,5491
T6850,4956
T6851,4683
T6852,4527
T6853,4782
T6854,4844
T6855,5037
T6856,5516
T6857,5759
T6858,6082
T6859,5895
T6860,5945
T6861,5572
T6862,5267
T6863,5112
T6864,5087
T6865,5099
T6866,5193
T6867,5367
T6868,5871
T6869,6362
T6870,6567
T6871,6866
T6872,5578
T6873,5143
T6874,5000
T6875,4876
T6876,4789
T6877,4670
T6878,4565
T6879,4652
T6880,4975
T6881,5423
T6882,5659
T6883,5522
T6884,5448
T6885,5336
T6886,5298
T6887,5292
T6888,5410
T6889,5497
T6890,5597
T6891,5827
T6892,6206
T6893,6629
T6894,6835
T6895,6735
T6896,6548
T6897,6716
T6898,6517
T6899,5659
T6900,5211
T6901,5721
T6902,5827
T6903,6007
T6904,6150
T6905,6424
T6906,6592
T6907,6430
T6908,6530
T6909,6331
T6910,6039
T6911,5821
T6912,5802
T6913,5920
T6914,6051
T6915,6381
T6916,6629
T6917,7214
T6918,7425
T6919,7531
T6920,7419
T6921,6847
T6922,6511
T6923,6107
T6924,6063
T6925,6039
T6926,5908
T6927,5939
T6928,5889
T6929,6922
T6930,7338
T6931,7034
T6932,6915
T6933,6642
T6934,6517
T6935,6412
T6936,6381
T6937,6405
T6938,6586
T6939,6909
T6940,7226
T6941,7556
T6942,7830
T6943,7854
T6944,7164
T6945,6356
T6946,5939
T6947,5560
T6948,5535
T6949,5672
T6950,5895
T6951,6051
T6952,6175
T6953,6256
T6954,6225
T6955,6144
T6956,6144
T6957,6045
T6958,6014
T6959,6076
T6960,6138
T6961,6175
T6962,6213
T6963,6387
T6964,6598
T6965,6772
T6966,7002
T6967,7239
T6968,6816
T6969,6387
T6970,6113
T6971,5883
T6972,5653
T6973,5547
T6974,5485
T6975,5796
T6976,6126
T6977,6654
T6978,6492
T6979,6250
T6980,6107
T6981,5933
T6982,5734
T6983,5566
T6984,5734
T6985,5653
T6986,5516
T6987,5485
T6988,5790
T6989,6070
T6990,6262
T6991,6486
T6992,6492
T6993,6269
T6994,6200
T6995,6113
T6996,5989
T6997,5740
T6998,5641
T6999,5802
T7000,6194
T7001,7027
T7002,7158
T7003,7139
T7004,7058
T7005,7021
T7006,6934
T7007,6978
T7008,7065
T7009,7083
T7010,7177
T7011,7388
T7012,7637
T7013,7848
T7014,8234
T7015,8172
T7016,7587
T7017,6841
T7018,6325
T7019,5945
T7020,5895
T7021,5933
T7022,5970
T7023,6175
T7024,6548
T7025,7102
T7026,7575
T7027,7500
T7028,7394
T7029,7102
T7030,6455
T7031,5802
T7032,5709
T7033,5665
T7034,5728
T7035,5964
T7036,6169
T7037,6561
T7038,6822
T7039,6884
T7040,6580
T7041,6169
T7042,6045
T7043,6163
T7044,6256
T7045,6387
T7046,6088
T7047,6368
T7048,6617
T7049,6766
T7050,6710
T7051,6524
T7052,6275
T7053,6088
T7054,5802
T7055,5473
T7056,5280
T7057,5218
T7058,5230
T7059,5373
T7060,5665
T7061,6132
T7062,6318
T7063,6107
T7064,5964
T7065,5877
T7066,5840
T7067,5989
T7068,5784
T7069,5585
T7070,5609
T7071,5696
T7072,5933
T7073,6032
T7074,5939
T7075,5759
T7076,5616
T7077,5305
T7078,4925
T7079,4608
T7080,4303
T7081,4216
T7082,4316
T7083,4652
T7084,4882
T7085,5292
T7086,5504
T7087,5510
T7088,5466
T7089,5690
T7090,4963
T7091,4540
T7092,4527
T7093,4490
T7094,4726
T7095,4813
T7096,5062
T7097,5435
T7098,5628
T7099,5541
T7100,5348
T7101,4932
T7102,4708
T7103,4552
T7104,4869
T7105,5068
T7106,5087
T7107,5255
T7108,5746
T7109,6107
T7110,6300
T7111,6206
T7112,5846
T7113,5460
T7114,5354
T7115,5535
T7116,5373
T7117,5162
T7118,5224
T7119,5448
T7120,5560
T7121,5585
T7122,5734
T7123,5852
T7124,5958
T7125,5821
T7126,5261
T7127,5050
T7128,4975
T7129,4944
T7130,4795
T7131,4795
T7132,4857
T7133,4932
T7134,5124
T7135,5274
T7136,5442
T7137,5522
T7138,5261
T7139,5112
T7140,4932
T7141,4863
T7142,4944
T7143,5137
T7144,5510
T7145,5821
T7146,5902
T7147,5616
T7148,5330
T7149,5149
T7150,4944
T7151,4826
T7152,4751
T7153,4602
T7154,4428
T7155,4434
T7156,4484
T7157,4608
T7158,4851
T7159,4994
T7160,5050
T7161,5131
T7162,5087
T7163,5211
T7164,5131
T7165,5187
T7166,5211
T7167,5342
T7168,5460
T7169,5672
T7170,5864
T7171,5740
T7172,5361
T7173,5180
T7174,5019
T7175,4844
T7176,4820
T7177,4764
T7178,4813
T7179,5056
T7180,5386
T7181,5889
T7182,6256
T7183,6070
T7184,5752
T7185,5734
T7186,5653
T7187,5547
T7188,5522
T7189,5510
T7190,5591
T7191,5790
T7192,5902
T7193,6001
T7194,5889
T7195,5808
T7196,5684
T7197,5529
T7198,5342
T7199,5298
T7200,5398
T7201,5454
T7202,5578
T7203,5802
T7204,6157
T7205,6667
T7206,6760
T7207,6636
T7208,6480
T7209,6269
T7210,6250
T7211,6039
T7212,6063
T7213,6082
T7214,6188
T7215,6349
T7216,6623
T7217,6598
T7218,6555
T7219,6430
T7220,6244
T7221,6026
T7222,5634
T7223,5392
T7224,5348
T7225,5342
T7226,5429
T7227,5684
T7228,6275
T7229,6710
T7230,6934
T7231,6754
T7232,6343
T7233,5840
T7234,5460
T7235,5317
T7236,5410
T7237,5473
T7238,5622
T7239,6039
T7240,6349
T7241,6200
T7242,6418
T7243,6300
T7244,5983
T7245,5709
T7246,5466
T7247,5361
T7248,5274
T7249,5205
T7250,5280
T7251,5659
T7252,6150
T7253,6648
T7254,6978
T7255,6971
T7256,6673
T7257,6412
T7258,6474
T7259,6474
T7260,6293
T7261,6399
T7262,6455
T7263,6598
T7264,6866
T7265,7090
T7266,7164
T7267,7201
T7268,7208
T7269,7046
T7270,6822
T7271,6586
T7272,6449
T7273,6468
T7274,6461
T7275,6642
T7276,6766
T7277,6984
T7278,7133
T7279,6928
T7280,6735
T7281,6766
T7282,6704
T7283,6692
T7284,6561
T7285,6623
T7286,6660
T7287,6729
T7288,6660
T7289,6586
T7290,6604
T7291,6474
T7292,6225
T7293,5951
T7294,5647
T7295,5404
T7296,5342
T7297,5224
T7298,5193
T7299,5261
T7300,5404
T7301,5522
T7302,5696
T7303,5759
T7304,5746
T7305,5827
T7306,5790
T7307,5728
T7308,5672
T7309,5678
T7310,5696
T7311,5734
T7312,5920
T7313,5883
T7314,5846
T7315,5622
T7316,5249
T7317,5124
T7318,5006
T7319,4963
T7320,4956
T7321,4919
T7322,4851
T7323,4844
T7324,5012
T7325,5286
T7326,5392
T7327,5535
T7328,5684
T7329,5895
T7330,5740
T7331,5466
T7332,5280
T7333,5286
T7334,5541
T7335,5790
T7336,5864
T7337,5771
T7338,5622
T7339,5404
T7340,5255
T7341,5112
T7342,4900
T7343,4670
T7344,4571
T7345,4509
T7346,4478
T7347,4546
T7348,4701
T7349,4950
T7350,5124
T7351,4956
T7352,4844
T7353,4596
T7354,4446
T7355,4391
T7356,4353
T7357,4403
T7358,4229
T7359,4285
T7360,4453
T7361,4540
T7362,4596
T7363,4720
T7364,5124
T7365,5305
T7366,5305
T7367,5199
T7368,5224
T7369,5286
T7370,5298
T7371,5342
T7372,5821
T7373,6250
T7374,6654
T7375,6567
T7376,6088
T7377,5653
T7378,5740
T7379,5659
T7380,5398
T7381,5392
T7382,5609
T7383,5951
T7384,6231
T7385,6754
T7386,6704
T7387,6611
T7388,6586
T7389,6244
T7390,6045
T7391,5647
T7392,5765
T7393,5933
T7394,5914
T7395,6182
T7396,6561
T7397,6903
T7398,7257
T7399,7332
T7400,6909
T7401,6704
T7402,6269
T7403,6007
T7404,5802
T7405,5951
T7406,6057
T7407,6381
T7408,6878
T7409,7139
T7410,7282
T7411,7226
T7412,6928
T7413,6791
T7414,6555
T7415,6381
T7416,6219
T7417,6169
T7418,6362
T7419,6586
T7420,7009
T7421,7525
T7422,7637
T7423,7344
T7424,6723
T7425,6617
T7426,6629
T7427,6468
T7428,6387
T7429,6511
T7430,6698
T7431,6629
T7432,6617
T7433,6524
T7434,6387
T7435,6238
T7436,6163
T7437,5995
T7438,5864
T7439,5572
T7440,5323
T7441,5361
T7442,5454
T7443,5653
T7444,5939
T7445,6387
T7446,6685
T7447,6716
T7448,6580
T7449,6362
T7450,6213
T7451,6175
T7452,6119
T7453,6150
T7454,6293
T7455,6331
T7456,6256
T7457,6368
T7458,6592
T7459,6604
T7460,6548
T7461,6437
T7462,6219
T7463,6256
T7464,6331
T7465,6231
T7466,6007
T7467,5846
T7468,5914
T7469,6032
T7470,6132
T7471,6250
T7472,6194
T7473,6293
T7474,6424
T7475,6418
T7476,6244
T7477,6381
T7478,6673
T7479,7027
T7480,6934
T7481,6797
T7482,6723
T7483,6841
T7484,7090
T7485,7052
T7486,6922
T7487,6828
T7488,6909
T7489,6884
T7490,6835
T7491,6915
T7492,7152
T7493,7369
T7494,7488
T7495,7568
T7496,7226
T7497,6573
T7498,6287
T7499,6101
T7500,6088
T7501,6101
T7502,6387
T7503,6779
T7504,7121
T7505,7220
T7506,6940
T7507,6629
T7508,6486
T7509,6318
T7510,6032
T7511,5852
T7512,5802
T7513,5827
T7514,5808
T7515,6094
T7516,6399
T7517,6872
T7518,7139
T7519,7177
T7520,7152
T7521,7133
T7522,7102
T7523,7114
T7524,7127
T7525,7164
T7526,7220
T7527,7233
T7528,7251
T7529,7208
T7530,7170
T7531,7046
T7532,6866
T7533,6561
T7534,6194
T7535,6094
T7536,6076
T7537,6070
T7538,6082
T7539,6349
T7540,6766
T7541,7177
T7542,7419
T7543,7556
T7544,7512
T7545,7718
T7546,7444
T7547,7394
T7548,7419
T7549,7444
T7550,7475
T7551,7593
T7552,7506
T7553,7674
T7554,7568
T7555,7456
T7556,7270
T7557,7114
T7558,6760
T7559,6617
T7560,6592
T7561,6517
T7562,6542
T7563,6903
T7564,7388
T7565,7917
T7566,8277
T7567,8333
T7568,8265
T7569,8172
T7570,8178
T7571,8221
T7572,8203
T7573,8308
T7574,8377
T7575,8420
T7576,8402
T7577,8296
T7578,8209
T7579,7960
T7580,7693
T7581,7376
T7582,7189
T7583,7002
T7584,6984
T7585,7009
T7586,7046
T7587,7320
T7588,7761
T7589,8103
T7590,8427
T7591,8489
T7592,8246
T7593,8140
T7594,8259
T7595,8109
T7596,8047
T7597,8041
T7598,8085
T7599,7979
T7600,7749
T7601,7693
T7602,7531
T7603,7233
T7604,7220
T7605,6934
T7606,6692
T7607,6524
T7608,6443
T7609,6524
T7610,6536
T7611,6878
T7612,7096
T7613,7581
T7614,7991
T7615,7923
T7616,7456
T7617,7376
T7618,7133
T7619,7002
T7620,6940
T7621,7015
T7622,7158
T7623,7313
T7624,7624
T7625,7568
T7626,7550
T7627,7102
T7628,6822
T7629,6835
T7630,6660
T7631,6343
T7632,6157
T7633,6082
T7634,6126
T7635,6188
T7636,6250
T7637,6368
T7638,6567
T7639,6922
T7640,7021
T7641,7002
T7642,6934
T7643,6785
T7644,6511
T7645,6598
T7646,6816
T7647,7226
T7648,7332
T7649,7189
T7650,7083
T7651,6853
T7652,6505
T7653,6200
T7654,5858
T7655,5653
T7656,5659
T7657,5597
T7658,5622
T7659,5690
T7660,5883
T7661,6063
T7662,6113
T7663,6374
T7664,6393
T7665,6393
T7666,6126
T7667,6014
T7668,5858
T7669,6026
T7670,6231
T7671,6412
T7672,6580
T7673,6555
T7674,6561
T7675,6368
T7676,6182
T7677,5889
T7678,5684
T7679,5516
T7680,5373
T7681,5435
T7682,5752
T7683,6001
T7684,6418
T7685,6915
T7686,7338
T7687,7612
T7688,7270
T7689,6779
T7690,6374
T7691,6144
T7692,6219
T7693,6424
T7694,6548
T7695,6598
T7696,6685
T7697,6747
T7698,6741
T7699,6586
T7700,6387
T7701,6070
T7702,5734
T7703,5603
T7704,5672
T7705,5883
T7706,6163
T7707,6287
T7708,6524
T7709,7040
T7710,7525
T7711,7543
T7712,7245
T7713,7177
T7714,7245
T7715,7164
T7716,7052
T7717,6940
T7718,6828
T7719,6604
T7720,6381
T7721,6337
T7722,6387
T7723,6281
T7724,6163
T7725,5995
T7726,5659
T7727,5460
T7728,5429
T7729,5367
T7730,5392
T7731,5566
T7732,5821
T7733,6194
T7734,6405
T7735,6492
T7736,6524
T7737,6430
T7738,6418
T7739,6623
T7740,6766
T7741,6884
T7742,6810
T7743,6679
T7744,6685
T7745,6741
T7746,6841
T7747,7090
T7748,6872
T7749,6492
T7750,6032
T7751,5641
T7752,5535
T7753,5560
T7754,5510
T7755,6188
T7756,6685
T7757,7289
T7758,7842
T7759,8103
T7760,7469
T7761,6915
T7762,6779
T7763,7102
T7764,8601
T7765,8103
T7766,8116
T7767,8601
T7768,8700
T7769,8862
T7770,8943
T7771,8725
T7772,8601
T7773,8520
T7774,8190
T7775,7823
T7776,7680
T7777,7910
T7778,8178
T7779,8731
T7780,9285
T7781,9633
T7782,9900
T7783,9795
T7784,9086
T7785,8352
T7786,8041
T7787,8097
T7788,8122
T7789,8414
T7790,8899
T7791,9198
T7792,9235
T7793,9111
T7794,8924
T7795,8812
T7796,8731
T7797,8557
T7798,7948
T7799,7823
T7800,7687
T7801,7581
T7802,7438
T7803,7705
T7804,7910
T7805,8116
T7806,8408
T7807,8738
T7808,8986
T7809,9204
T7810,9117
T7811,9098
T7812,8974
T7813,8862
T7814,8594
T7815,8408
T7816,8159
T7817,7991
T7818,7774
T7819,7662
T7820,7475
T7821,7251
T7822,7015
T7823,6853
T7824,6978
T7825,7133
T7826,7108
T7827,7114
T7828,7183
T7829,7394
T7830,7774
T7831,8010
T7832,8178
T7833,7910
T7834,7693
T7835,7581
T7836,7699
T7837,7736
T7838,8004
T7839,8066
T7840,8240
T7841,8352
T7842,8451
T7843,8445
T7844,8315
T7845,8004
T7846,7786
T7847,7655
T7848,7606
T7849,7581
T7850,7568
T7851,7886
T7852,8265
T7853,8943
T7854,9415
T7855,9471
T7856,9117
T7857,8252
T7858,7848
T7859,7867
T7860,7568
T7861,7960
T7862,8240
T7863,8551
T7864,8762
T7865,8762
T7866,8943
T7867,8520
T7868,8420
T7869,8060
T7870,7568
T7871,7400
T7872,7419
T7873,7251
T7874,7270
T7875,7612
T7876,7991
T7877,8495
T7878,9011
T7879,9030
T7880,8650
T7881,8383
T7882,7954
T7883,8539
T7884,8153
T7885,8140
T7886,8178
T7887,8029
T7888,8010
T7889,7941
T7890,7917
T7891,7917
T7892,7886
T7893,7506
T7894,7257
T7895,7065
T7896,7027
T7897,6990
T7898,7183
T7899,7662
T7900,8159
T7901,8532
T7902,8762
T7903,8825
T7904,8601
T7905,8451
T7906,8215
T7907,7985
T7908,8029
T7909,8178
T7910,8470
T7911,8812
T7912,8912
T7913,8843
T7914,8818
T7915,8619
T7916,8445
T7917,8091
T7918,7730
T7919,7481
T7920,7363
T7921,7382
T7922,7438
T7923,7550
T7924,7724
T7925,8153
T7926,8520
T7927,8507
T7928,8109
T7929,8402
T7930,7823
T7931,7668
T7932,7556
T7933,7749
T7934,8053
T7935,8209
T7936,8308
T7937,8346
T7938,8414
T7939,8190
T7940,8377
T7941,8246
T7942,7997
T7943,7842
T7944,7867
T7945,7979
T7946,8184
T7947,8514
T7948,8937
T7949,9502
T7950,10012
T7951,10211
T7952,9826
T7953,9198
T7954,8520
T7955,8507
T7956,8458
T7957,9310
T7958,9484
T7959,9807
T7960,9677
T7961,9770
T7962,9720
T7963,9677
T7964,9589
T7965,9403
T7966,9173
T7967,8930
T7968,8943
T7969,8924
T7970,9055
T7971,9129
T7972,9322
T7973,9571
T7974,9770
T7975,10137
T7976,10566
T7977,10585
T7978,10647
T7979,10553
T7980,10454
T7981,10224
T7982,10193
T7983,10373
T7984,10361
T7985,10242
T7986,10261
T7987,9975
T7988,9963
T7989,9764
T7990,9527
T7991,9285
T7992,9353
T7993,9372
T7994,9409
T7995,9521
T7996,9583
T7997,9670
T7998,9869
T7999,10230
T8000,10547
T8001,10740
T8002,10852
T8003,10871
T8004,10939
T8005,10895
T8006,10908
T8007,10983
T8008,11051
T8009,11051
T8010,10839
T8011,10721
T8012,10560
T8013,10404
T8014,10155
T8015,9969
T8016,9932
T8017,9857
T8018,9869
T8019,10019
T8020,10361
T8021,10933
T8022,11356
T8023,11412
T8024,11200
T8025,10902
T8026,10796
T8027,10852
T8028,10846
T8029,10790
T8030,10839
T8031,10684
T8032,10373
T8033,10466
T8034,10460
T8035,10261
T8036,10062
T8037,9708
T8038,9453
T8039,9279
T8040,9235
T8041,9179
T8042,9198
T8043,9291
T8044,9583
T8045,10174
T8046,10404
T8047,10448
T8048,10298
T8049,10131
T8050,10099
T8051,10106
T8052,10012
T8053,9963
T8054,9981
T8055,10006
T8056,9963
T8057,9919
T8058,10031
T8059,10087
T8060,9963
T8061,9502
T8062,8986
T8063,8725
T8064,8825
T8065,8881
T8066,8893
T8067,9030
T8068,9378
T8069,9863
T8070,10137
T8071,10367
T8072,10242
T8073,10162
T8074,10249
T8075,10174
T8076,10093
T8077,10025
T8078,9900
T8079,9863
T8080,9900
T8081,9838
T8082,9844
T8083,9589
T8084,9658
T8085,9440
T8086,9216
T8087,9073
T8088,8986
T8089,9061
T8090,9272
T8091,9677
T8092,10330
T8093,10852
T8094,11244
T8095,11412
T8096,11381
T8097,11219
T8098,11405
T8099,11548
T8100,11505
T8101,11486
T8102,10752
T8103,11617
T8104,11300
T8105,10927
T8106,10784
T8107,10522
T8108,10274
T8109,9882
T8110,9789
T8111,9403
T8112,9272
T8113,9453
T8114,9484
T8115,9801
T8116,10168
T8117,10541
T8118,10958
T8119,11325
T8120,11169
T8121,10864
T8122,10734
T8123,10721
T8124,10703
T8125,10522
T8126,10516
T8127,10417
T8128,10093
T8129,9757
T8130,9876
T8131,9932
T8132,9869
T8133,9490
T8134,9154
T8135,8837
T8136,8632
T8137,8744
T8138,8862
T8139,8955
T8140,8918
T8141,8918
T8142,9173
T8143,9390
T8144,9645
T8145,9627
T8146,9397
T8147,9279
T8148,9235
T8149,9303
T8150,9428
T8151,9652
T8152,9764
T8153,9832
T8154,9795
T8155,9583
T8156,9347
T8157,9123
T8158,8930
T8159,8806
T8160,8937
T8161,8663
T8162,8458
T8163,8489
T8164,8688
T8165,8924
T8166,8986
T8167,9073
T8168,9229
T8169,9179
T8170,9067
T8171,8744
T8172,8669
T8173,8738
T8174,8893
T8175,8974
T8176,8974
T8177,8992
T8178,8688
T8179,8563
T8180,8209
T8181,8060
T8182,7886
T8183,7923
T8184,7923
T8185,7848
T8186,8016
T8187,8284
T8188,8476
T8189,8918
T8190,9353
T8191,9608
T8192,9608
T8193,9384
T8194,9148
T8195,9154
T8196,9241
T8197,9322
T8198,9335
T8199,9266
T8200,9210
T8201,9154
T8202,9061
T8203,8793
T8204,8551
T8205,8290
T8206,8078
T8207,7892
T8208,7861
T8209,7861
T8210,8029
T8211,8383
T8212,8594
T8213,8999
T8214,9446
T8215,9645
T8216,9602
T8217,9540
T8218,9478
T8219,9608
T8220,9546
T8221,9565
T8222,9403
T8223,8738
T8224,9733
T8225,9552
T8226,9403
T8227,9142
T8228,8924
T8229,8675
T8230,8507
T8231,8358
T8232,8333
T8233,8277
T8234,8290
T8235,8582
T8236,8937
T8237,9453
T8238,9701
T8239,9844
T8240,9838
T8241,10012
T8242,10106
T8243,10199
T8244,10000
T8245,9907
T8246,9963
T8247,9826
T8248,9751
T8249,9652
T8250,9764
T8251,9540
T8252,9453
T8253,9104
T8254,8912
T8255,8831
T8256,8806
T8257,8868
T8258,8986
T8259,9216
T8260,9266
T8261,10118
T8262,10404
T8263,10566
T8264,10939
T8265,11213
T8266,11082
T8267,10864
T8268,10746
T8269,10647
T8270,10547
T8271,10578
T8272,10460
T8273,10255
T8274,10473
T8275,10305
T8276,9988
T8277,9658
T8278,9372
T8279,9247
T8280,9322
T8281,9335
T8282,9415
T8283,9633
T8284,9925
T8285,10367
T8286,10609
T8287,10945
T8288,10939
T8289,10983
T8290,11014
T8291,11163
T8292,11144
T8293,11107
T8294,10927
T8295,10927
T8296,10839
T8297,10740
T8298,10578
T8299,10267
T8300,9988
T8301,9608
T8302,9428
T8303,9191
T8304,9111
T8305,9042
T8306,9017
T8307,9111
T8308,9136
T8309,9266
T8310,9390
T8311,9571
T8312,9795
T8313,9944
T8314,10068
T8315,10143
T8316,10205
T8317,10193
T8318,10056
T8319,10000
T8320,9932
T8321,9764
T8322,9614
T8323,9465
T8324,9279
T8325,8912
T8326,8849
T8327,8638
T8328,8682
T8329,8650
T8330,8507
T8331,8451
T8332,8657
T8333,8831
T8334,8937
T8335,9117
T8336,9341
T8337,9589
T8338,9639
T8339,9596
T8340,9527
T8341,9509
T8342,9496
T8343,9471
T8344,9390
T8345,9384
T8346,9341
T8347,9266
T8348,9111
T8349,8912
T8350,8657
T8351,8638
T8352,8744
T8353,8986
T8354,8831
T8355,8943
T8356,9272
T8357,9720
T8358,9938
T8359,9925
T8360,9956
T8361,9963
T8362,10000
T8363,10019
T8364,9894
T8365,9757
T8366,9776
T8367,9851
T8368,9608
T8369,9428
T8370,9254
T8371,8955
T8372,8738
T8373,8402
T8374,8116
T8375,7923
T8376,7861
T8377,7879
T8378,7786
T8379,7960
T8380,8284
T8381,8706
T8382,9210
T8383,9216
T8384,9403
T8385,9229
T8386,9210
T8387,9136
T8388,9160
T8389,9185
T8390,9117
T8391,8955
T8392,8924
T8393,8812
T8394,8769
T8395,8582
T8396,8340
T8397,8072
T8398,7823
T8399,7693
T8400,7898
T8401,7848
T8402,7761
T8403,7861
T8404,8240
T8405,8588
T8406,8924
T8407,9086
T8408,9123
T8409,8843
T8410,8551
T8411,8688
T8412,8601
T8413,8545
T8414,8912
T8415,9409
T8416,9111
T8417,8874
T8418,8775
T8419,8557
T8420,8402
T8421,8327
T8422,8072
T8423,7960
T8424,7948
T8425,7923
T8426,7861
T8427,8097
T8428,8433
T8429,8719
T8430,8937
T8431,8943
T8432,8999
T8433,9042
T8434,9080
T8435,9030
T8436,9017
T8437,9036
T8438,9098
T8439,8974
T8440,8812
T8441,8744
T8442,8731
T8443,8464
T8444,8377
T8445,8085
T8446,7786
T8447,7581
T8448,7519
T8449,7469
T8450,7488
T8451,7774
T8452,8053
T8453,8775
T8454,8930
T8455,9080
T8456,8905
T8457,8930
T8458,8762
T8459,8682
T8460,8762
T8461,8831
T8462,9123
T8463,9067
T8464,8837
T8465,8706
T8466,8638
T8467,8557
T8468,8594
T8469,8414
T8470,8271
T8471,8153
T8472,8103
T8473,8029
T8474,8047
T8475,8209
T8476,8489
T8477,8682
T8478,8738
T8479,8961
T8480,9210
T8481,9123
T8482,9316
T8483,9664
T8484,9658
T8485,9558
T8486,9440
T8487,9241
T8488,9291
T8489,9303
T8490,9247
T8491,9024
T8492,8818
T8493,8613
T8494,8246
T8495,7792
T8496,7767
T8497,7742
T8498,7643
T8499,7749
T8500,8022
T8501,8445
T8502,8545
T8503,8694
T8504,8669
T8505,8831
T8506,8887
T8507,8899
T8508,8961
T8509,9061
T8510,9061
T8511,8980
T8512,8949
T8513,8949
T8514,8837
T8515,8669
T8516,8476
T8517,8277
T8518,7985
T8519,7848
T8520,7798
T8521,7792
T8522,7811
T8523,8116
T8524,8296
T8525,8675
T8526,8937
T8527,9005
T8528,9111
T8529,9048
T8530,9117
T8531,9104
T8532,9067
T8533,9111
T8534,9080
T8535,9042
T8536,8905
T8537,8756
T8538,9036
T8539,8626
T8540,8557
T8541,8346
T8542,8196
T8543,8022
T8544,7991
T8545,7997
T8546,8035
T8547,8346
T8548,8675
T8549,8937
T8550,9092
T8551,9142
T8552,9117
T8553,9005
T8554,8762
T8555,8483
T8556,8302
T8557,8551
T8558,8427
T8559,8818
T8560,9129
T8561,9297
T8562,9372
T8563,9204
T8564,8943
T8565,8750
T8566,8700
T8567,8626
T8568,8688
T8569,8688
T8570,8980
T8571,9148
T8572,9577
T8573,9900
T8574,10143
T8575,10274
T8576,10274
T8577,9838
T8578,9328
T8579,9366
T8580,9521
T8581,9621
T8582,10019
T8583,10081
T8584,9770
T8585,9465
T8586,9397
T8587,9335
T8588,9285
T8589,8912
T8590,8688
T8591,8551
T8592,8526
T8593,8402
T8594,8315
T8595,8539
T8596,8881
T8597,9123
T8598,9279
T8599,9627
T8600,9876
T8601,9969
T8602,10043
T8603,10168
T8604,10398
T8605,10522
T8606,10815
T8607,10784
T8608,10342
T8609,10193
T8610,10286
T8611,10274
T8612,10118
T8613,9925
T8614,9826
T8615,9813
T8616,9807
T8617,9838
T8618,9888
T8619,10162
T8620,10429
T8621,10821
T8622,11007
T8623,11132
T8624,11337
T8625,10976
T8626,10435
T8627,10336
T8628,10386
T8629,10373
T8630,10647
T8631,10995
T8632,11020
T8633,11001
T8634,11020
T8635,11032
T8636,10920
T8637,10628
T8638,10504
T8639,10491
T8640,10504
T8641,10342
T8642,10187
T8643,10286
T8644,10454
T8645,10553
T8646,10460
T8647,10485
T8648,10653
T8649,10678
T8650,10703
T8651,10790
T8652,10672
T8653,10522
T8654,10535
T8655,10479
T8656,10504
T8657,10410
T8658,10311
T8659,10162
T8660,9938
T8661,9689
T8662,9428
T8663,9235
T8664,9390
T8665,9303
T8666,9241
T8667,9359
T8668,9546
T8669,9714
T8670,9745
T8671,9925
T8672,10286
T8673,10603
T8674,10777
T8675,10908
T8676,10908
T8677,10839
T8678,10939
T8679,11387
T8680,11144
T8681,10983
T8682,11020
T8683,10709
T8684,10510
T8685,10367
T8686,10168
T8687,9944
T8688,10081
T8689,10000
T8690,9813
T8691,9664
T8692,9894
T8693,10131
T8694,10330
T8695,10553
T8696,10746
T8697,10821
T8698,10889
T8699,10864
T8700,10864
T8701,10852
T8702,10659
T8703,10634
T8704,10553
T8705,10379
T8706,10305
T8707,10056
T8708,9789
T8709,9509
T8710,9247
T8711,9142
T8712,9129
T8713,9061
T8714,9154
T8715,9285
T8716,9627
T8717,10000
T8718,10019
T8719,10062
T8720,10230
T8721,10392
T8722,10696
T8723,10752
T8724,10609
T8725,10790
T8726,10678
T8727,10491
T8728,10292
T8729,10255
T8730,10106
T8731,9994
T8732,9689
T8733,9446
T8734,9254
T8735,9030
T8736,9055
T8737,9111
T8738,9154
T8739,9335
T8740,9689
T8741,10075
T8742,10149
T8743,10149
T8744,10224
T8745,10504
T8746,10622
T8747,10709
T8748,11026
T8749,10989
T8750,10678
T8751,10585
T8752,10361
T8753,10242
T8754,10230
T8755,10087
T8756,9820
T8757,9546
T8758,9341
T8759,9359
T8760,9453
